Date,Source,Site ID,POC,Daily Mean PM2.5 Concentration,UNITS,DAILY_AQI_VALUE,Site Name,DAILY_OBS_COUNT,PERCENT_COMPLETE,AQS_PARAMETER_CODE,AQS_PARAMETER_DESC,CBSA_CODE,CBSA_NAME,STATE_CODE,STATE,COUNTY_CODE,COUNTY,SITE_LATITUDE,SITE_LONGITUDE
1/1/2010,AQS,060370016,3,4.14,ug/m3 LC,17.00,Glendora,1,100,88502,Acceptable PM2.5 AQI & Speciation Mass,31080,"Los Angeles-Long Beach-Anaheim, CA",06,California,037,Los Angeles,34.14435,-117.85036
1/2/2010,AQS,060370016,3,4.29,ug/m3 LC,17.60,Glendora,1,100,88502,Acceptable PM2.5 AQI & Speciation Mass,31080,"Los Angeles-Long Beach-Anaheim, CA",06,California,037,Los Angeles,34.14435,-117.85036
1/3/2010,AQS,060370016,3,4.43,ug/m3 LC,18.20,Glendora,1,100,88502,Acceptable PM2.5 AQI & Speciation Mass,31080,"Los Angeles-Long Beach-Anaheim, CA",06,California,037,Los Angeles,34.14435,-117.85036
1/4/2010,AQS,060370016,3,4.58,ug/m3 LC,18.80,Glendora,1,100,88502,Acceptable PM2.5 AQI & Speciation Mass,31080,"Los Angeles-Long Beach-Anaheim, CA",06,California,037,Los Angeles,34.14435,-117.85036
1/5/2010,AQS,060370016,3,4.72,ug/m3 LC,19.40,Glendora,1,100,88502,Acceptable PM2.5 AQI & Speciation Mass,31080,"Los Angeles-Long Beach-Anaheim, CA",06,California,037,Los Angeles,34.14435,-117.85036
1/6/2010,AQS,060370016,3,4.87,ug/m3 LC,20.00,Glendora,1,100,88502,Acceptable PM2.5 AQI & Speciation Mass,31080,"Los Angeles-Long Beach-Anaheim, CA",06,California,037,Los Angeles,34.14435,-117.85036
1/7/2010,AQS,060370016,3,5.01,ug/m3 LC,20.60,Glendora,1,100,88502,Acceptable PM2.5 AQI & Speciation Mass,31080,"Los Angeles-Long Beach-Anaheim, CA",06,California,037,Los Angeles,34.14435,-117.85036
1/8/2010,AQS,060370016,3,5.16,ug/m3 LC,21.20,Glendora,1,100,88502,Acceptable PM2.5 AQI & Speciation Mass,31080,"Los Angeles-Long Beach-Anaheim, CA",06,California,037,Los Angeles,34.14435,-117.85036
1/9/2010,AQS,060370016,3,5.30,ug/m3 LC,21.80,Glendora,1,100,88502,Acceptable PM2.5 AQI & Speciation Mass,31080,"Los Angeles-Long Beach-Anaheim, CA",06,California,037,Los Angeles,34.14435,-117.85036
1/10/2010,AQS,060370016,3,5.44,ug/m3 LC,22.40,Glendora,1,100,88502,Acceptable PM2.5 AQI & Speciation Mass,31080,"Los Angeles-Long Beach-Anaheim, CA",06,California,037,Los Angeles,34.14435,-117.85036
1/11/2010,AQS,060370016,3,5.59,ug/m3 LC,23.00,Glendora,1,100,88502,Acceptable PM2.5 AQI & Speciation Mass,31080,"Los Angeles-Long Beach-Anaheim, CA",06,California,037,Los Angeles,34.14435,-117.85036
1/12/2010,AQS,060370016,3,5.73,ug/m3 LC,23.60,Glendora,1,100,88502,Acceptable PM2.5 AQI & Speciation Mass,31080,"Los Angeles-Long Beach-Anaheim, CA",06,California,037,Los Angeles,34.14435,-117.85036
1/13/2010,AQS,060370016,3,5.88,ug/m3 LC,24.20,Glendora,1,100,88502,Acceptable PM2.5 AQI & Speciation Mass,31080,"Los Angeles-Long Beach-Anaheim, CA",06,California,037,Los Angeles,34.14435,-117.85036
1/14/2010,AQS,060370016,3,6.02,ug/m3 LC,24.80,Glendora,1,100,88502,Acceptable PM2.5 AQI & Speciation Mass,31080,"Los Angeles-Long Beach-Anaheim, CA",06,California,037,Los Angeles,34.14435,-117.85036
1/15/2010,AQS,060370016,3,6.17,ug/m3 LC,25.40,Glendora,1,100,88502,Acceptable PM2.5 AQI & Speciation Mass,31080,"Los Angeles-Long Beach-Anaheim, CA",06,California,037,Los Angeles,34.14435,-117.85036
1/16/2010,AQS,060370016,3,6.31,ug/m3 LC,26.00,Glendora,1,100,88502,Acceptable PM2.5 AQI & Speciation Mass,31080,"Los Angeles-Long Beach-Anaheim, CA",06,California,037,Los Angeles,34.14435,-117.85036
1/17/2010,AQS,060370016,3,6.46,ug/m3 LC,26.60,Glendora,1,100,88502,Acceptable PM2.5 AQI & Speciation Mass,31080,"Los Angeles-Long Beach-Anaheim, CA",06,California,037,Los Angeles,34.14435,-117.85036
1/18/2010,AQS,060370016,3,6.60,ug/m3 LC,27.20,Glendora,1,100,88502,Acceptable PM2.5 AQI & Speciation Mass,31080,"Los Angeles-Long Beach-Anaheim, CA",06,California,037,Los Angeles,34.14435,-117.85036
1/19/2010,AQS,060370016,3,6.74,ug/m3 LC,27.80,Glendora,1,100,88502,Acceptable PM2.5 AQI & Speciation Mass,31080,"Los Angeles-Long Beach-Anaheim, CA",06,California,037,Los Angeles,34.14435,-117.85036
1/20/2010,AQS,060370016,3,6.89,ug/m3 LC,28.40,Glendora,1,100,88502,Acceptable PM2.5 AQI & Speciation Mass,31080,"Los Angeles-Long Beach-Anaheim, CA",06,California,037,Los Angeles,34.14435,-117.85036
1/21/2010,AQS,060370016,3,7.03,ug/m3 LC,29.00,Glendora,1,100,88502,Acceptable PM2.5 AQI & Speciation Mass,31080,"Los Angeles-Long Beach-Anaheim, CA",06,California,037,Los Angeles,34.14435,-117.85036
1/22/2010,AQS,060370016,3,7.18,ug/m3 LC,29.60,Glendora,1,100,88502,Acceptable PM2.5 AQI & Speciation Mass,31080,"Los Angeles-Long Beach-Anaheim, CA",06,California,037,Los Angeles,34.14435,-117.85036
1/23/2010,AQS,060370016,3,7.32,ug/m3 LC,30.20,Glendora,1,100,88502,Acceptable PM2.5 AQI & Speciation Mass,31080,"Los Angeles-Long Beach-Anaheim, CA",06,California,037,Los Angeles,34.14435,-117.85036
1/24/2010,AQS,060370016,3,7.47,ug/m3 LC,30.80,Glendora,1,100,88502,Acceptable PM2.5 AQI & Speciation Mass,31080,"Los Angeles-Long Beach-Anaheim, CA",06,California,037,Los Angeles,34.14435,-117.85036
1/25/2010,AQS,060370016,3,7.61,ug/m3 LC,31.40,Glendora,1,100,88502,Acceptable PM2.5 AQI & Speciation Mass,31080,"Los Angeles-Long Beach-Anaheim, CA",06,California,037,Los Angeles,34.14435,-117.85036
1/26/2010,AQS,060370016,3,7.76,ug/m3 LC,32.00,Glendora,1,100,88502,Acceptable PM2.5 AQI & Speciation Mass,31080,"Los Angeles-Long Beach-Anaheim, CA",06,California,037,Los Angeles,34.14435,-117.85036
1/27/2010,AQS,060370016,3,7.90,ug/m3 LC,32.60,Glendora,1,100,88502,Acceptable PM2.5 AQI & Speciation Mass,31080,"Los Angeles-Long Beach-Anaheim, CA",06,California,037,Los Angeles,34.14435,-117.85036
1/28/2010,AQS,060370016,3,8.04,ug/m3 LC,33.20,Glendora,1,100,88502,Acceptable PM2.5 AQI & Speciation Mass,31080,"Los Angeles-Long Beach-Anaheim, CA",06,California,037,Los Angeles,34.14435,-117.85036
1/29/2010,AQS,060370016,3,8.19,ug/m3 LC,33.80,Glendora,1,100,88502,Acceptable PM2.5 AQI & Speciation Mass,31080,"Los Angeles-Long Beach-Anaheim, CA",06,California,037,Los Angeles,34.14435,-117.85036
1/30/2010,AQS,060370016,3,8.33,ug/m3 LC,34.40,Glendora,1,100,88502,Acceptable PM2.5 AQI & Speciation Mass,31080,"Los Angeles-Long Beach-Anaheim, CA",06,California,037,Los Angeles,34.14435,-117.85036
1/31/2010,AQS,060370016,3,8.48,ug/m3 LC,35.00,Glendora,1,100,88502,Acceptable PM2.5 AQI & Speciation Mass,31080,"Los Angeles-Long Beach-Anaheim, CA",06,California,037,Los Angeles,34.14435,-117.85036
2/1/2010,AQS,060370016,3,8.62,ug/m3 LC,35.60,Glendora,1,100,88502,Acceptable PM2.5 AQI & Speciation Mass,31080,"Los Angeles-Long Beach-Anaheim, CA",06,California,037,Los Angeles,34.14435,-117.85036
2/2/2010,AQS,060370016,3,8.77,ug/m3 LC,36.20,Glendora,1,100,88502,Acceptable PM2.5 AQI & Speciation Mass,31080,"Los Angeles-Long Beach-Anaheim, CA",06,California,037,Los Angeles,34.14435,-117.85036
2/3/2010,AQS,060370016,3,8.91,ug/m3 LC,36.80,Glendora,1,100,88502,Acceptable PM2.5 AQI & Speciation Mass,31080,"Los Angeles-Long Beach-Anaheim, CA",06,California,037,Los Angeles,34.14435,-117.85036
2/4/2010,AQS,060370016,3,9.06,ug/m3 LC,37.40,Glendora,1,100,88502,Acceptable PM2.5 AQI & Speciation Mass,31080,"Los Angeles-Long Beach-Anaheim, CA",06,California,037,Los Angeles,34.14435,-117.85036
2/5/2010,AQS,060370016,3,9.20,ug/m3 LC,38.00,Glendora,1,100,88502,Acceptable PM2.5 AQI & Speciation Mass,31080,"Los Angeles-Long Beach-Anaheim, CA",06,California,037,Los Angeles,34.14435,-117.85036
2/6/2010,AQS,060370016,3,4.40,ug/m3 LC,18.00,Glendora,1,100,88502,Acceptable PM2.5 AQI & Speciation Mass,31080,"Los Angeles-Long Beach-Anaheim, CA",06,California,037,Los Angeles,34.14435,-117.85036
2/7/2010,AQS,060370016,3,6.00,ug/m3 LC,25.00,Glendora,1,100,88502,Acceptable PM2.5 AQI & Speciation Mass,31080,"Los Angeles-Long Beach-Anaheim, CA",06,California,037,Los Angeles,34.14435,-117.85036
2/8/2010,AQS,060370016,3,10.00,ug/m3 LC,42.00,Glendora,1,100,88502,Acceptable PM2.5 AQI & Speciation Mass,31080,"Los Angeles-Long Beach-Anaheim, CA",06,California,037,Los Angeles,34.14435,-117.85036
2/9/2010,AQS,060370016,3,10.50,ug/m3 LC,44.00,Glendora,1,100,88502,Acceptable PM2.5 AQI & Speciation Mass,31080,"Los Angeles-Long Beach-Anaheim, CA",06,California,037,Los Angeles,34.14435,-117.85036
2/10/2010,AQS,060370016,3,4.70,ug/m3 LC,20.00,Glendora,1,100,88502,Acceptable PM2.5 AQI & Speciation Mass,31080,"Los Angeles-Long Beach-Anaheim, CA",06,California,037,Los Angeles,34.14435,-117.85036
2/11/2010,AQS,060370016,3,9.90,ug/m3 LC,41.00,Glendora,1,100,88502,Acceptable PM2.5 AQI & Speciation Mass,31080,"Los Angeles-Long Beach-Anaheim, CA",06,California,037,Los Angeles,34.14435,-117.85036
2/12/2010,AQS,060370016,3,18.30,ug/m3 LC,64.00,Glendora,1,100,88502,Acceptable PM2.5 AQI & Speciation Mass,31080,"Los Angeles-Long Beach-Anaheim, CA",06,California,037,Los Angeles,34.14435,-117.85036
2/13/2010,AQS,060370016,3,6.60,ug/m3 LC,28.00,Glendora,1,100,88502,Acceptable PM2.5 AQI & Speciation Mass,31080,"Los Angeles-Long Beach-Anaheim, CA",06,California,037,Los Angeles,34.14435,-117.85036
2/14/2010,AQS,060370016,3,6.10,ug/m3 LC,25.00,Glendora,1,100,88502,Acceptable PM2.5 AQI & Speciation Mass,31080,"Los Angeles-Long Beach-Anaheim, CA",06,California,037,Los Angeles,34.14435,-117.85036
2/15/2010,AQS,060370016,3,5.40,ug/m3 LC,23.00,Glendora,1,100,88502,Acceptable PM2.5 AQI & Speciation Mass,31080,"Los Angeles-Long Beach-Anaheim, CA",06,California,037,Los Angeles,34.14435,-117.85036
2/16/2010,AQS,060370016,3,8.00,ug/m3 LC,33.00,Glendora,1,100,88502,Acceptable PM2.5 AQI & Speciation Mass,31080,"Los Angeles-Long Beach-Anaheim, CA",06,California,037,Los Angeles,34.14435,-117.85036
2/17/2010,AQS,060370016,3,9.00,ug/m3 LC,38.00,Glendora,1,100,88502,Acceptable PM2.5 AQI & Speciation Mass,31080,"Los Angeles-Long Beach-Anaheim, CA",06,California,037,Los Angeles,34.14435,-117.85036
2/18/2010,AQS,060370016,3,22.40,ug/m3 LC,73.00,Glendora,1,100,88502,Acceptable PM2.5 AQI & Speciation Mass,31080,"Los Angeles-Long Beach-Anaheim, CA",06,California,037,Los Angeles,34.14435,-117.85036
2/19/2010,AQS,060370016,3,16.70,ug/m3 LC,61.00,Glendora,1,100,88502,Acceptable PM2.5 AQI & Speciation Mass,31080,"Los Angeles-Long Beach-Anaheim, CA",06,California,037,Los Angeles,34.14435,-117.85036
2/20/2010,AQS,060370016,3,4.70,ug/m3 LC,20.00,Glendora,1,100,88502,Acceptable PM2.5 AQI & Speciation Mass,31080,"Los Angeles-Long Beach-Anaheim, CA",06,California,037,Los Angeles,34.14435,-117.85036
2/21/2010,AQS,060370016,3,8.60,ug/m3 LC,36.00,Glendora,1,100,88502,Acceptable PM2.5 AQI & Speciation Mass,31080,"Los Angeles-Long Beach-Anaheim, CA",06,California,037,Los Angeles,34.14435,-117.85036
2/22/2010,AQS,060370016,3,5.20,ug/m3 LC,22.00,Glendora,1,100,88502,Acceptable PM2.5 AQI & Speciation Mass,31080,"Los Angeles-Long Beach-Anaheim, CA",06,California,037,Los Angeles,34.14435,-117.85036
2/23/2010,AQS,060370016,3,5.50,ug/m3 LC,23.00,Glendora,1,100,88502,Acceptable PM2.5 AQI & Speciation Mass,31080,"Los Angeles-Long Beach-Anaheim, CA",06,California,037,Los Angeles,34.14435,-117.85036
2/24/2010,AQS,060370016,3,11.60,ug/m3 LC,48.00,Glendora,1,100,88502,Acceptable PM2.5 AQI & Speciation Mass,31080,"Los Angeles-Long Beach-Anaheim, CA",06,California,037,Los Angeles,34.14435,-117.85036
2/25/2010,AQS,060370016,3,14.60,ug/m3 LC,56.00,Glendora,1,100,88502,Acceptable PM2.5 AQI & Speciation Mass,31080,"Los Angeles-Long Beach-Anaheim, CA",06,California,037,Los Angeles,34.14435,-117.85036
2/26/2010,AQS,060370016,3,5.90,ug/m3 LC,25.00,Glendora,1,100,88502,Acceptable PM2.5 AQI & Speciation Mass,31080,"Los Angeles-Long Beach-Anaheim, CA",06,California,037,Los Angeles,34.14435,-117.85036
2/27/2010,AQS,060370016,3,7.50,ug/m3 LC,31.00,Glendora,1,100,88502,Acceptable PM2.5 AQI & Speciation Mass,31080,"Los Angeles-Long Beach-Anaheim, CA",06,California,037,Los Angeles,34.14435,-117.85036
2/28/2010,AQS,060370016,3,7.60,ug/m3 LC,32.00,Glendora,1,100,88502,Acceptable PM2.5 AQI & Speciation Mass,31080,"Los Angeles-Long Beach-Anaheim, CA",06,California,037,Los Angeles,34.14435,-117.85036
3/1/2010,AQS,060370016,3,11.10,ug/m3 LC,46.00,Glendora,1,100,88502,Acceptable PM2.5 AQI & Speciation Mass,31080,"Los Angeles-Long Beach-Anaheim, CA",06,California,037,Los Angeles,34.14435,-117.85036
3/2/2010,AQS,060370016,3,10.30,ug/m3 LC,43.00,Glendora,1,100,88502,Acceptable PM2.5 AQI & Speciation Mass,31080,"Los Angeles-Long Beach-Anaheim, CA",06,California,037,Los Angeles,34.14435,-117.85036
3/3/2010,AQS,060370016,3,5.80,ug/m3 LC,24.00,Glendora,1,100,88502,Acceptable PM2.5 AQI & Speciation Mass,31080,"Los Angeles-Long Beach-Anaheim, CA",06,California,037,Los Angeles,34.14435,-117.85036
3/4/2010,AQS,060370016,3,4.20,ug/m3 LC,18.00,Glendora,1,100,88502,Acceptable PM2.5 AQI & Speciation Mass,31080,"Los Angeles-Long Beach-Anaheim, CA",06,California,037,Los Angeles,34.14435,-117.85036
3/5/2010,AQS,060370016,3,7.80,ug/m3 LC,33.00,Glendora,1,100,88502,Acceptable PM2.5 AQI & Speciation Mass,31080,"Los Angeles-Long Beach-Anaheim, CA",06,California,037,Los Angeles,34.14435,-117.85036
3/6/2010,AQS,060370016,3,9.00,ug/m3 LC,38.00,Glendora,1,100,88502,Acceptable PM2.5 AQI & Speciation Mass,31080,"Los Angeles-Long Beach-Anaheim, CA",06,California,037,Los Angeles,34.14435,-117.85036
3/7/2010,AQS,060370016,3,10.20,ug/m3 LC,43.00,Glendora,1,100,88502,Acceptable PM2.5 AQI & Speciation Mass,31080,"Los Angeles-Long Beach-Anaheim, CA",06,California,037,Los Angeles,34.14435,-117.85036
3/8/2010,AQS,060370016,3,11.40,ug/m3 LC,48.00,Glendora,1,100,88502,Acceptable PM2.5 AQI & Speciation Mass,31080,"Los Angeles-Long Beach-Anaheim, CA",06,California,037,Los Angeles,34.14435,-117.85036
3/9/2010,AQS,060370016,3,4.80,ug/m3 LC,20.00,Glendora,1,100,88502,Acceptable PM2.5 AQI & Speciation Mass,31080,"Los Angeles-Long Beach-Anaheim, CA",06,California,037,Los Angeles,34.14435,-117.85036
3/10/2010,AQS,060370016,3,7.80,ug/m3 LC,33.00,Glendora,1,100,88502,Acceptable PM2.5 AQI & Speciation Mass,31080,"Los Angeles-Long Beach-Anaheim, CA",06,California,037,Los Angeles,34.14435,-117.85036
3/11/2010,AQS,060370016,3,9.70,ug/m3 LC,40.00,Glendora,1,100,88502,Acceptable PM2.5 AQI & Speciation Mass,31080,"Los Angeles-Long Beach-Anaheim, CA",06,California,037,Los Angeles,34.14435,-117.85036
3/12/2010,AQS,060370016,3,11.20,ug/m3 LC,47.00,Glendora,1,100,88502,Acceptable PM2.5 AQI & Speciation Mass,31080,"Los Angeles-Long Beach-Anaheim, CA",06,California,037,Los Angeles,34.14435,-117.85036
3/13/2010,AQS,060370016,3,9.30,ug/m3 LC,39.00,Glendora,1,100,88502,Acceptable PM2.5 AQI & Speciation Mass,31080,"Los Angeles-Long Beach-Anaheim, CA",06,California,037,Los Angeles,34.14435,-117.85036
3/14/2010,AQS,060370016,3,7.70,ug/m3 LC,32.00,Glendora,1,100,88502,Acceptable PM2.5 AQI & Speciation Mass,31080,"Los Angeles-Long Beach-Anaheim, CA",06,California,037,Los Angeles,34.14435,-117.85036
3/15/2010,AQS,060370016,3,5.50,ug/m3 LC,23.00,Glendora,1,100,88502,Acceptable PM2.5 AQI & Speciation Mass,31080,"Los Angeles-Long Beach-Anaheim, CA",06,California,037,Los Angeles,34.14435,-117.85036
3/16/2010,AQS,060370016,3,6.40,ug/m3 LC,27.00,Glendora,1,100,88502,Acceptable PM2.5 AQI & Speciation Mass,31080,"Los Angeles-Long Beach-Anaheim, CA",06,California,037,Los Angeles,34.14435,-117.85036
3/17/2010,AQS,060370016,3,6.40,ug/m3 LC,27.00,Glendora,1,100,88502,Acceptable PM2.5 AQI & Speciation Mass,31080,"Los Angeles-Long Beach-Anaheim, CA",06,California,037,Los Angeles,34.14435,-117.85036
3/18/2010,AQS,060370016,3,13.80,ug/m3 LC,55.00,Glendora,1,100,88502,Acceptable PM2.5 AQI & Speciation Mass,31080,"Los Angeles-Long Beach-Anaheim, CA",06,California,037,Los Angeles,34.14435,-117.85036
3/19/2010,AQS,060370016,3,19.00,ug/m3 LC,66.00,Glendora,1,100,88502,Acceptable PM2.5 AQI & Speciation Mass,31080,"Los Angeles-Long Beach-Anaheim, CA",06,California,037,Los Angeles,34.14435,-117.85036
3/20/2010,AQS,060370016,3,13.70,ug/m3 LC,54.00,Glendora,1,100,88502,Acceptable PM2.5 AQI & Speciation Mass,31080,"Los Angeles-Long Beach-Anaheim, CA",06,California,037,Los Angeles,34.14435,-117.85036
3/21/2010,AQS,060370016,3,13.10,ug/m3 LC,53.00,Glendora,1,100,88502,Acceptable PM2.5 AQI & Speciation Mass,31080,"Los Angeles-Long Beach-Anaheim, CA",06,California,037,Los Angeles,34.14435,-117.85036
3/22/2010,AQS,060370016,3,15.80,ug/m3 LC,59.00,Glendora,1,100,88502,Acceptable PM2.5 AQI & Speciation Mass,31080,"Los Angeles-Long Beach-Anaheim, CA",06,California,037,Los Angeles,34.14435,-117.85036
3/23/2010,AQS,060370016,3,16.60,ug/m3 LC,60.00,Glendora,1,100,88502,Acceptable PM2.5 AQI & Speciation Mass,31080,"Los Angeles-Long Beach-Anaheim, CA",06,California,037,Los Angeles,34.14435,-117.85036
3/24/2010,AQS,060370016,3,15.90,ug/m3 LC,59.00,Glendora,1,100,88502,Acceptable PM2.5 AQI & Speciation Mass,31080,"Los Angeles-Long Beach-Anaheim, CA",06,California,037,Los Angeles,34.14435,-117.85036
3/25/2010,AQS,060370016,3,20.50,ug/m3 LC,69.00,Glendora,1,100,88502,Acceptable PM2.5 AQI & Speciation Mass,31080,"Los Angeles-Long Beach-Anaheim, CA",06,California,037,Los Angeles,34.14435,-117.85036
3/26/2010,AQS,060370016,3,13.50,ug/m3 LC,54.00,Glendora,1,100,88502,Acceptable PM2.5 AQI & Speciation Mass,31080,"Los Angeles-Long Beach-Anaheim, CA",06,California,037,Los Angeles,34.14435,-117.85036
3/27/2010,AQS,060370016,3,10.10,ug/m3 LC,42.00,Glendora,1,100,88502,Acceptable PM2.5 AQI & Speciation Mass,31080,"Los Angeles-Long Beach-Anaheim, CA",06,California,037,Los Angeles,34.14435,-117.85036
3/28/2010,AQS,060370016,3,7.50,ug/m3 LC,31.00,Glendora,1,100,88502,Acceptable PM2.5 AQI & Speciation Mass,31080,"Los Angeles-Long Beach-Anaheim, CA",06,California,037,Los Angeles,34.14435,-117.85036
3/29/2010,AQS,060370016,3,9.70,ug/m3 LC,40.00,Glendora,1,100,88502,Acceptable PM2.5 AQI & Speciation Mass,31080,"Los Angeles-Long Beach-Anaheim, CA",06,California,037,Los Angeles,34.14435,-117.85036
3/30/2010,AQS,060370016,3,10.80,ug/m3 LC,45.00,Glendora,1,100,88502,Acceptable PM2.5 AQI & Speciation Mass,31080,"Los Angeles-Long Beach-Anaheim, CA",06,California,037,Los Angeles,34.14435,-117.85036
3/31/2010,AQS,060370016,3,9.70,ug/m3 LC,40.00,Glendora,1,100,88502,Acceptable PM2.5 AQI & Speciation Mass,31080,"Los Angeles-Long Beach-Anaheim, CA",06,California,037,Los Angeles,34.14435,-117.85036
4/1/2010,AQS,060370016,3,6.10,ug/m3 LC,25.00,Glendora,1,100,88502,Acceptable PM2.5 AQI & Speciation Mass,31080,"Los Angeles-Long Beach-Anaheim, CA",06,California,037,Los Angeles,34.14435,-117.85036
4/2/2010,AQS,060370016,3,10.60,ug/m3 LC,44.00,Glendora,1,100,88502,Acceptable PM2.5 AQI & Speciation Mass,31080,"Los Angeles-Long Beach-Anaheim, CA",06,California,037,Los Angeles,34.14435,-117.85036
4/3/2010,AQS,060370016,3,14.60,ug/m3 LC,56.00,Glendora,1,100,88502,Acceptable PM2.5 AQI & Speciation Mass,31080,"Los Angeles-Long Beach-Anaheim, CA",06,California,037,Los Angeles,34.14435,-117.85036
4/4/2010,AQS,060370016,3,12.50,ug/m3 LC,52.00,Glendora,1,100,88502,Acceptable PM2.5 AQI & Speciation Mass,31080,"Los Angeles-Long Beach-Anaheim, CA",06,California,037,Los Angeles,34.14435,-117.85036
4/5/2010,AQS,060370016,3,7.40,ug/m3 LC,31.00,Glendora,1,100,88502,Acceptable PM2.5 AQI & Speciation Mass,31080,"Los Angeles-Long Beach-Anaheim, CA",06,California,037,Los Angeles,34.14435,-117.85036
4/6/2010,AQS,060370016,3,7.80,ug/m3 LC,33.00,Glendora,1,100,88502,Acceptable PM2.5 AQI & Speciation Mass,31080,"Los Angeles-Long Beach-Anaheim, CA",06,California,037,Los Angeles,34.14435,-117.85036
4/7/2010,AQS,060370016,3,6.20,ug/m3 LC,26.00,Glendora,1,100,88502,Acceptable PM2.5 AQI & Speciation Mass,31080,"Los Angeles-Long Beach-Anaheim, CA",06,California,037,Los Angeles,34.14435,-117.85036
4/8/2010,AQS,060370016,3,4.90,ug/m3 LC,20.00,Glendora,1,100,88502,Acceptable PM2.5 AQI & Speciation Mass,31080,"Los Angeles-Long Beach-Anaheim, CA",06,California,037,Los Angeles,34.14435,-117.85036
4/9/2010,AQS,060370016,3,11.90,ug/m3 LC,50.00,Glendora,1,100,88502,Acceptable PM2.5 AQI & Speciation Mass,31080,"Los Angeles-Long Beach-Anaheim, CA",06,California,037,Los Angeles,34.14435,-117.85036
4/10/2010,AQS,060370016,3,17.80,ug/m3 LC,63.00,Glendora,1,100,88502,Acceptable PM2.5 AQI & Speciation Mass,31080,"Los Angeles-Long Beach-Anaheim, CA",06,California,037,Los Angeles,34.14435,-117.85036
4/11/2010,AQS,060370016,3,14.70,ug/m3 LC,56.00,Glendora,1,100,88502,Acceptable PM2.5 AQI & Speciation Mass,31080,"Los Angeles-Long Beach-Anaheim, CA",06,California,037,Los Angeles,34.14435,-117.85036
4/12/2010,AQS,060370016,3,7.30,ug/m3 LC,30.00,Glendora,1,100,88502,Acceptable PM2.5 AQI & Speciation Mass,31080,"Los Angeles-Long Beach-Anaheim, CA",06,California,037,Los Angeles,34.14435,-117.85036
4/13/2010,AQS,060370016,3,10.80,ug/m3 LC,45.00,Glendora,1,100,88502,Acceptable PM2.5 AQI & Speciation Mass,31080,"Los Angeles-Long Beach-Anaheim, CA",06,California,037,Los Angeles,34.14435,-117.85036
4/14/2010,AQS,060370016,3,11.80,ug/m3 LC,49.00,Glendora,1,100,88502,Acceptable PM2.5 AQI & Speciation Mass,31080,"Los Angeles-Long Beach-Anaheim, CA",06,California,037,Los Angeles,34.14435,-117.85036
4/15/2010,AQS,060370016,3,13.20,ug/m3 LC,53.00,Glendora,1,100,88502,Acceptable PM2.5 AQI & Speciation Mass,31080,"Los Angeles-Long Beach-Anaheim, CA",06,California,037,Los Angeles,34.14435,-117.85036
4/16/2010,AQS,060370016,3,14.80,ug/m3 LC,57.00,Glendora,1,100,88502,Acceptable PM2.5 AQI & Speciation Mass,31080,"Los Angeles-Long Beach-Anaheim, CA",06,California,037,Los Angeles,34.14435,-117.85036
4/17/2010,AQS,060370016,3,15.80,ug/m3 LC,59.00,Glendora,1,100,88502,Acceptable PM2.5 AQI & Speciation Mass,31080,"Los Angeles-Long Beach-Anaheim, CA",06,California,037,Los Angeles,34.14435,-117.85036
4/18/2010,AQS,060370016,3,17.50,ug/m3 LC,62.00,Glendora,1,100,88502,Acceptable PM2.5 AQI & Speciation Mass,31080,"Los Angeles-Long Beach-Anaheim, CA",06,California,037,Los Angeles,34.14435,-117.85036
4/19/2010,AQS,060370016,3,15.80,ug/m3 LC,59.00,Glendora,1,100,88502,Acceptable PM2.5 AQI & Speciation Mass,31080,"Los Angeles-Long Beach-Anaheim, CA",06,California,037,Los Angeles,34.14435,-117.85036
4/20/2010,AQS,060370016,3,11.10,ug/m3 LC,46.00,Glendora,1,100,88502,Acceptable PM2.5 AQI & Speciation Mass,31080,"Los Angeles-Long Beach-Anaheim, CA",06,California,037,Los Angeles,34.14435,-117.85036
4/21/2010,AQS,060370016,3,5.80,ug/m3 LC,24.00,Glendora,1,100,88502,Acceptable PM2.5 AQI & Speciation Mass,31080,"Los Angeles-Long Beach-Anaheim, CA",06,California,037,Los Angeles,34.14435,-117.85036
4/22/2010,AQS,060370016,3,5.70,ug/m3 LC,24.00,Glendora,1,100,88502,Acceptable PM2.5 AQI & Speciation Mass,31080,"Los Angeles-Long Beach-Anaheim, CA",06,California,037,Los Angeles,34.14435,-117.85036
4/23/2010,AQS,060370016,3,9.80,ug/m3 LC,41.00,Glendora,1,100,88502,Acceptable PM2.5 AQI & Speciation Mass,31080,"Los Angeles-Long Beach-Anaheim, CA",06,California,037,Los Angeles,34.14435,-117.85036
4/24/2010,AQS,060370016,3,16.70,ug/m3 LC,61.00,Glendora,1,100,88502,Acceptable PM2.5 AQI & Speciation Mass,31080,"Los Angeles-Long Beach-Anaheim, CA",06,California,037,Los Angeles,34.14435,-117.85036
4/25/2010,AQS,060370016,3,21.90,ug/m3 LC,72.00,Glendora,1,100,88502,Acceptable PM2.5 AQI & Speciation Mass,31080,"Los Angeles-Long Beach-Anaheim, CA",06,California,037,Los Angeles,34.14435,-117.85036
4/26/2010,AQS,060370016,3,24.50,ug/m3 LC,77.00,Glendora,1,100,88502,Acceptable PM2.5 AQI & Speciation Mass,31080,"Los Angeles-Long Beach-Anaheim, CA",06,California,037,Los Angeles,34.14435,-117.85036
4/27/2010,AQS,060370016,3,30.10,ug/m3 LC,89.00,Glendora,1,100,88502,Acceptable PM2.5 AQI & Speciation Mass,31080,"Los Angeles-Long Beach-Anaheim, CA",06,California,037,Los Angeles,34.14435,-117.85036
4/28/2010,AQS,060370016,3,8.10,ug/m3 LC,34.00,Glendora,1,100,88502,Acceptable PM2.5 AQI & Speciation Mass,31080,"Los Angeles-Long Beach-Anaheim, CA",06,California,037,Los Angeles,34.14435,-117.85036
4/29/2010,AQS,060370016,3,4.60,ug/m3 LC,19.00,Glendora,1,100,88502,Acceptable PM2.5 AQI & Speciation Mass,31080,"Los Angeles-Long Beach-Anaheim, CA",06,California,037,Los Angeles,34.14435,-117.85036
4/30/2010,AQS,060370016,3,4.70,ug/m3 LC,20.00,Glendora,1,100,88502,Acceptable PM2.5 AQI & Speciation Mass,31080,"Los Angeles-Long Beach-Anaheim, CA",06,California,037,Los Angeles,34.14435,-117.85036
5/1/2010,AQS,060370016,3,8.40,ug/m3 LC,35.00,Glendora,1,100,88502,Acceptable PM2.5 AQI & Speciation Mass,31080,"Los Angeles-Long Beach-Anaheim, CA",06,California,037,Los Angeles,34.14435,-117.85036
5/2/2010,AQS,060370016,3,13.40,ug/m3 LC,54.00,Glendora,1,100,88502,Acceptable PM2.5 AQI & Speciation Mass,31080,"Los Angeles-Long Beach-Anaheim, CA",06,California,037,Los Angeles,34.14435,-117.85036
5/3/2010,AQS,060370016,3,11.40,ug/m3 LC,48.00,Glendora,1,100,88502,Acceptable PM2.5 AQI & Speciation Mass,31080,"Los Angeles-Long Beach-Anaheim, CA",06,California,037,Los Angeles,34.14435,-117.85036
5/4/2010,AQS,060370016,3,16.10,ug/m3 LC,59.00,Glendora,1,100,88502,Acceptable PM2.5 AQI & Speciation Mass,31080,"Los Angeles-Long Beach-Anaheim, CA",06,California,037,Los Angeles,34.14435,-117.85036
5/5/2010,AQS,060370016,3,19.40,ug/m3 LC,66.00,Glendora,1,100,88502,Acceptable PM2.5 AQI & Speciation Mass,31080,"Los Angeles-Long Beach-Anaheim, CA",06,California,037,Los Angeles,34.14435,-117.85036
5/6/2010,AQS,060370016,3,21.20,ug/m3 LC,70.00,Glendora,1,100,88502,Acceptable PM2.5 AQI & Speciation Mass,31080,"Los Angeles-Long Beach-Anaheim, CA",06,California,037,Los Angeles,34.14435,-117.85036
5/7/2010,AQS,060370016,3,18.50,ug/m3 LC,64.00,Glendora,1,100,88502,Acceptable PM2.5 AQI & Speciation Mass,31080,"Los Angeles-Long Beach-Anaheim, CA",06,California,037,Los Angeles,34.14435,-117.85036
5/8/2010,AQS,060370016,3,17.40,ug/m3 LC,62.00,Glendora,1,100,88502,Acceptable PM2.5 AQI & Speciation Mass,31080,"Los Angeles-Long Beach-Anaheim, CA",06,California,037,Los Angeles,34.14435,-117.85036
5/9/2010,AQS,060370016,3,11.00,ug/m3 LC,46.00,Glendora,1,100,88502,Acceptable PM2.5 AQI & Speciation Mass,31080,"Los Angeles-Long Beach-Anaheim, CA",06,California,037,Los Angeles,34.14435,-117.85036
5/10/2010,AQS,060370016,3,5.90,ug/m3 LC,25.00,Glendora,1,100,88502,Acceptable PM2.5 AQI & Speciation Mass,31080,"Los Angeles-Long Beach-Anaheim, CA",06,California,037,Los Angeles,34.14435,-117.85036
5/11/2010,AQS,060370016,3,6.80,ug/m3 LC,28.00,Glendora,1,100,88502,Acceptable PM2.5 AQI & Speciation Mass,31080,"Los Angeles-Long Beach-Anaheim, CA",06,California,037,Los Angeles,34.14435,-117.85036
5/12/2010,AQS,060370016,3,9.20,ug/m3 LC,38.00,Glendora,1,100,88502,Acceptable PM2.5 AQI & Speciation Mass,31080,"Los Angeles-Long Beach-Anaheim, CA",06,California,037,Los Angeles,34.14435,-117.85036
5/13/2010,AQS,060370016,3,14.50,ug/m3 LC,56.00,Glendora,1,100,88502,Acceptable PM2.5 AQI & Speciation Mass,31080,"Los Angeles-Long Beach-Anaheim, CA",06,California,037,Los Angeles,34.14435,-117.85036
5/14/2010,AQS,060370016,3,20.70,ug/m3 LC,69.00,Glendora,1,100,88502,Acceptable PM2.5 AQI & Speciation Mass,31080,"Los Angeles-Long Beach-Anaheim, CA",06,California,037,Los Angeles,34.14435,-117.85036
5/15/2010,AQS,060370016,3,24.40,ug/m3 LC,77.00,Glendora,1,100,88502,Acceptable PM2.5 AQI & Speciation Mass,31080,"Los Angeles-Long Beach-Anaheim, CA",06,California,037,Los Angeles,34.14435,-117.85036
5/16/2010,AQS,060370016,3,25.50,ug/m3 LC,79.00,Glendora,1,100,88502,Acceptable PM2.5 AQI & Speciation Mass,31080,"Los Angeles-Long Beach-Anaheim, CA",06,California,037,Los Angeles,34.14435,-117.85036
5/17/2010,AQS,060370016,3,13.40,ug/m3 LC,54.00,Glendora,1,100,88502,Acceptable PM2.5 AQI & Speciation Mass,31080,"Los Angeles-Long Beach-Anaheim, CA",06,California,037,Los Angeles,34.14435,-117.85036
5/18/2010,AQS,060370016,3,9.20,ug/m3 LC,38.00,Glendora,1,100,88502,Acceptable PM2.5 AQI & Speciation Mass,31080,"Los Angeles-Long Beach-Anaheim, CA",06,California,037,Los Angeles,34.14435,-117.85036
5/19/2010,AQS,060370016,3,16.20,ug/m3 LC,60.00,Glendora,1,100,88502,Acceptable PM2.5 AQI & Speciation Mass,31080,"Los Angeles-Long Beach-Anaheim, CA",06,California,037,Los Angeles,34.14435,-117.85036
5/20/2010,AQS,060370016,3,16.80,ug/m3 LC,61.00,Glendora,1,100,88502,Acceptable PM2.5 AQI & Speciation Mass,31080,"Los Angeles-Long Beach-Anaheim, CA",06,California,037,Los Angeles,34.14435,-117.85036
5/21/2010,AQS,060370016,3,15.90,ug/m3 LC,59.00,Glendora,1,100,88502,Acceptable PM2.5 AQI & Speciation Mass,31080,"Los Angeles-Long Beach-Anaheim, CA",06,California,037,Los Angeles,34.14435,-117.85036
5/22/2010,AQS,060370016,3,13.50,ug/m3 LC,54.00,Glendora,1,100,88502,Acceptable PM2.5 AQI & Speciation Mass,31080,"Los Angeles-Long Beach-Anaheim, CA",06,California,037,Los Angeles,34.14435,-117.85036
5/23/2010,AQS,060370016,3,8.90,ug/m3 LC,37.00,Glendora,1,100,88502,Acceptable PM2.5 AQI & Speciation Mass,31080,"Los Angeles-Long Beach-Anaheim, CA",06,California,037,Los Angeles,34.14435,-117.85036
5/24/2010,AQS,060370016,3,10.40,ug/m3 LC,43.00,Glendora,1,100,88502,Acceptable PM2.5 AQI & Speciation Mass,31080,"Los Angeles-Long Beach-Anaheim, CA",06,California,037,Los Angeles,34.14435,-117.85036
5/25/2010,AQS,060370016,3,9.40,ug/m3 LC,39.00,Glendora,1,100,88502,Acceptable PM2.5 AQI & Speciation Mass,31080,"Los Angeles-Long Beach-Anaheim, CA",06,California,037,Los Angeles,34.14435,-117.85036
5/26/2010,AQS,060370016,3,7.90,ug/m3 LC,33.00,Glendora,1,100,88502,Acceptable PM2.5 AQI & Speciation Mass,31080,"Los Angeles-Long Beach-Anaheim, CA",06,California,037,Los Angeles,34.14435,-117.85036
5/27/2010,AQS,060370016,3,12.90,ug/m3 LC,53.00,Glendora,1,100,88502,Acceptable PM2.5 AQI & Speciation Mass,31080,"Los Angeles-Long Beach-Anaheim, CA",06,California,037,Los Angeles,34.14435,-117.85036
5/28/2010,AQS,060370016,3,7.10,ug/m3 LC,30.00,Glendora,1,100,88502,Acceptable PM2.5 AQI & Speciation Mass,31080,"Los Angeles-Long Beach-Anaheim, CA",06,California,037,Los Angeles,34.14435,-117.85036
5/29/2010,AQS,060370016,3,8.10,ug/m3 LC,34.00,Glendora,1,100,88502,Acceptable PM2.5 AQI & Speciation Mass,31080,"Los Angeles-Long Beach-Anaheim, CA",06,California,037,Los Angeles,34.14435,-117.85036
5/30/2010,AQS,060370016,3,12.00,ug/m3 LC,50.00,Glendora,1,100,88502,Acceptable PM2.5 AQI & Speciation Mass,31080,"Los Angeles-Long Beach-Anaheim, CA",06,California,037,Los Angeles,34.14435,-117.85036
5/31/2010,AQS,060370016,3,16.90,ug/m3 LC,61.00,Glendora,1,100,88502,Acceptable PM2.5 AQI & Speciation Mass,31080,"Los Angeles-Long Beach-Anaheim, CA",06,California,037,Los Angeles,34.14435,-117.85036
6/1/2010,AQS,060370016,3,16.80,ug/m3 LC,61.00,Glendora,1,100,88502,Acceptable PM2.5 AQI & Speciation Mass,31080,"Los Angeles-Long Beach-Anaheim, CA",06,California,037,Los Angeles,34.14435,-117.85036
6/2/2010,AQS,060370016,3,19.80,ug/m3 LC,67.00,Glendora,1,100,88502,Acceptable PM2.5 AQI & Speciation Mass,31080,"Los Angeles-Long Beach-Anaheim, CA",06,California,037,Los Angeles,34.14435,-117.85036
6/3/2010,AQS,060370016,3,25.20,ug/m3 LC,79.00,Glendora,1,100,88502,Acceptable PM2.5 AQI & Speciation Mass,31080,"Los Angeles-Long Beach-Anaheim, CA",06,California,037,Los Angeles,34.14435,-117.85036
6/4/2010,AQS,060370016,3,24.80,ug/m3 LC,78.00,Glendora,1,100,88502,Acceptable PM2.5 AQI & Speciation Mass,31080,"Los Angeles-Long Beach-Anaheim, CA",06,California,037,Los Angeles,34.14435,-117.85036
6/5/2010,AQS,060370016,3,28.60,ug/m3 LC,86.00,Glendora,1,100,88502,Acceptable PM2.5 AQI & Speciation Mass,31080,"Los Angeles-Long Beach-Anaheim, CA",06,California,037,Los Angeles,34.14435,-117.85036
6/6/2010,AQS,060370016,3,23.90,ug/m3 LC,76.00,Glendora,1,100,88502,Acceptable PM2.5 AQI & Speciation Mass,31080,"Los Angeles-Long Beach-Anaheim, CA",06,California,037,Los Angeles,34.14435,-117.85036
6/7/2010,AQS,060370016,3,19.40,ug/m3 LC,66.00,Glendora,1,100,88502,Acceptable PM2.5 AQI & Speciation Mass,31080,"Los Angeles-Long Beach-Anaheim, CA",06,California,037,Los Angeles,34.14435,-117.85036
6/8/2010,AQS,060370016,3,18.60,ug/m3 LC,65.00,Glendora,1,100,88502,Acceptable PM2.5 AQI & Speciation Mass,31080,"Los Angeles-Long Beach-Anaheim, CA",06,California,037,Los Angeles,34.14435,-117.85036
6/9/2010,AQS,060370016,3,13.00,ug/m3 LC,53.00,Glendora,1,100,88502,Acceptable PM2.5 AQI & Speciation Mass,31080,"Los Angeles-Long Beach-Anaheim, CA",06,California,037,Los Angeles,34.14435,-117.85036
6/10/2010,AQS,060370016,3,12.90,ug/m3 LC,53.00,Glendora,1,100,88502,Acceptable PM2.5 AQI & Speciation Mass,31080,"Los Angeles-Long Beach-Anaheim, CA",06,California,037,Los Angeles,34.14435,-117.85036
6/11/2010,AQS,060370016,3,12.70,ug/m3 LC,52.00,Glendora,1,100,88502,Acceptable PM2.5 AQI & Speciation Mass,31080,"Los Angeles-Long Beach-Anaheim, CA",06,California,037,Los Angeles,34.14435,-117.85036
6/12/2010,AQS,060370016,3,14.50,ug/m3 LC,56.00,Glendora,1,100,88502,Acceptable PM2.5 AQI & Speciation Mass,31080,"Los Angeles-Long Beach-Anaheim, CA",06,California,037,Los Angeles,34.14435,-117.85036
6/13/2010,AQS,060370016,3,19.50,ug/m3 LC,67.00,Glendora,1,100,88502,Acceptable PM2.5 AQI & Speciation Mass,31080,"Los Angeles-Long Beach-Anaheim, CA",06,California,037,Los Angeles,34.14435,-117.85036
6/14/2010,AQS,060370016,3,21.30,ug/m3 LC,70.00,Glendora,1,100,88502,Acceptable PM2.5 AQI & Speciation Mass,31080,"Los Angeles-Long Beach-Anaheim, CA",06,California,037,Los Angeles,34.14435,-117.85036
6/15/2010,AQS,060370016,3,17.80,ug/m3 LC,63.00,Glendora,1,100,88502,Acceptable PM2.5 AQI & Speciation Mass,31080,"Los Angeles-Long Beach-Anaheim, CA",06,California,037,Los Angeles,34.14435,-117.85036
6/16/2010,AQS,060370016,3,19.50,ug/m3 LC,67.00,Glendora,1,100,88502,Acceptable PM2.5 AQI & Speciation Mass,31080,"Los Angeles-Long Beach-Anaheim, CA",06,California,037,Los Angeles,34.14435,-117.85036
6/17/2010,AQS,060370016,3,22.70,ug/m3 LC,73.00,Glendora,1,100,88502,Acceptable PM2.5 AQI & Speciation Mass,31080,"Los Angeles-Long Beach-Anaheim, CA",06,California,037,Los Angeles,34.14435,-117.85036
6/18/2010,AQS,060370016,3,26.90,ug/m3 LC,82.00,Glendora,1,100,88502,Acceptable PM2.5 AQI & Speciation Mass,31080,"Los Angeles-Long Beach-Anaheim, CA",06,California,037,Los Angeles,34.14435,-117.85036
6/19/2010,AQS,060370016,3,19.20,ug/m3 LC,66.00,Glendora,1,100,88502,Acceptable PM2.5 AQI & Speciation Mass,31080,"Los Angeles-Long Beach-Anaheim, CA",06,California,037,Los Angeles,34.14435,-117.85036
6/20/2010,AQS,060370016,3,16.80,ug/m3 LC,61.00,Glendora,1,100,88502,Acceptable PM2.5 AQI & Speciation Mass,31080,"Los Angeles-Long Beach-Anaheim, CA",06,California,037,Los Angeles,34.14435,-117.85036
6/21/2010,AQS,060370016,3,16.60,ug/m3 LC,60.00,Glendora,1,100,88502,Acceptable PM2.5 AQI & Speciation Mass,31080,"Los Angeles-Long Beach-Anaheim, CA",06,California,037,Los Angeles,34.14435,-117.85036
6/22/2010,AQS,060370016,3,18.90,ug/m3 LC,65.00,Glendora,1,100,88502,Acceptable PM2.5 AQI & Speciation Mass,31080,"Los Angeles-Long Beach-Anaheim, CA",06,California,037,Los Angeles,34.14435,-117.85036
6/23/2010,AQS,060370016,3,22.30,ug/m3 LC,72.00,Glendora,1,100,88502,Acceptable PM2.5 AQI & Speciation Mass,31080,"Los Angeles-Long Beach-Anaheim, CA",06,California,037,Los Angeles,34.14435,-117.85036
6/24/2010,AQS,060370016,3,22.20,ug/m3 LC,72.00,Glendora,1,100,88502,Acceptable PM2.5 AQI & Speciation Mass,31080,"Los Angeles-Long Beach-Anaheim, CA",06,California,037,Los Angeles,34.14435,-117.85036
6/25/2010,AQS,060370016,3,21.30,ug/m3 LC,70.00,Glendora,1,100,88502,Acceptable PM2.5 AQI & Speciation Mass,31080,"Los Angeles-Long Beach-Anaheim, CA",06,California,037,Los Angeles,34.14435,-117.85036
6/26/2010,AQS,060370016,3,16.80,ug/m3 LC,61.00,Glendora,1,100,88502,Acceptable PM2.5 AQI & Speciation Mass,31080,"Los Angeles-Long Beach-Anaheim, CA",06,California,037,Los Angeles,34.14435,-117.85036
6/27/2010,AQS,060370016,3,22.00,ug/m3 LC,72.00,Glendora,1,100,88502,Acceptable PM2.5 AQI & Speciation Mass,31080,"Los Angeles-Long Beach-Anaheim, CA",06,California,037,Los Angeles,34.14435,-117.85036
6/28/2010,AQS,060370016,3,23.20,ug/m3 LC,74.00,Glendora,1,100,88502,Acceptable PM2.5 AQI & Speciation Mass,31080,"Los Angeles-Long Beach-Anaheim, CA",06,California,037,Los Angeles,34.14435,-117.85036
6/29/2010,AQS,060370016,3,23.10,ug/m3 LC,74.00,Glendora,1,100,88502,Acceptable PM2.5 AQI & Speciation Mass,31080,"Los Angeles-Long Beach-Anaheim, CA",06,California,037,Los Angeles,34.14435,-117.85036
6/30/2010,AQS,060370016,3,22.30,ug/m3 LC,72.00,Glendora,1,100,88502,Acceptable PM2.5 AQI & Speciation Mass,31080,"Los Angeles-Long Beach-Anaheim, CA",06,California,037,Los Angeles,34.14435,-117.85036
7/1/2010,AQS,060370016,3,24.30,ug/m3 LC,77.00,Glendora,1,100,88502,Acceptable PM2.5 AQI & Speciation Mass,31080,"Los Angeles-Long Beach-Anaheim, CA",06,California,037,Los Angeles,34.14435,-117.85036
7/2/2010,AQS,060370016,3,21.40,ug/m3 LC,71.00,Glendora,1,100,88502,Acceptable PM2.5 AQI & Speciation Mass,31080,"Los Angeles-Long Beach-Anaheim, CA",06,California,037,Los Angeles,34.14435,-117.85036
7/3/2010,AQS,060370016,3,18.50,ug/m3 LC,64.00,Glendora,1,100,88502,Acceptable PM2.5 AQI & Speciation Mass,31080,"Los Angeles-Long Beach-Anaheim, CA",06,California,037,Los Angeles,34.14435,-117.85036
7/4/2010,AQS,060370016,3,36.20,ug/m3 LC,103.00,Glendora,1,100,88502,Acceptable PM2.5 AQI & Speciation Mass,31080,"Los Angeles-Long Beach-Anaheim, CA",06,California,037,Los Angeles,34.14435,-117.85036
7/5/2010,AQS,060370016,3,58.10,ug/m3 LC,152.00,Glendora,1,100,88502,Acceptable PM2.5 AQI & Speciation Mass,31080,"Los Angeles-Long Beach-Anaheim, CA",06,California,037,Los Angeles,34.14435,-117.85036
7/6/2010,AQS,060370016,3,23.60,ug/m3 LC,75.00,Glendora,1,100,88502,Acceptable PM2.5 AQI & Speciation Mass,31080,"Los Angeles-Long Beach-Anaheim, CA",06,California,037,Los Angeles,34.14435,-117.85036
7/7/2010,AQS,060370016,3,20.60,ug/m3 LC,69.00,Glendora,1,100,88502,Acceptable PM2.5 AQI & Speciation Mass,31080,"Los Angeles-Long Beach-Anaheim, CA",06,California,037,Los Angeles,34.14435,-117.85036
7/8/2010,AQS,060370016,3,23.20,ug/m3 LC,74.00,Glendora,1,100,88502,Acceptable PM2.5 AQI & Speciation Mass,31080,"Los Angeles-Long Beach-Anaheim, CA",06,California,037,Los Angeles,34.14435,-117.85036
7/9/2010,AQS,060370016,3,28.20,ug/m3 LC,85.00,Glendora,1,100,88502,Acceptable PM2.5 AQI & Speciation Mass,31080,"Los Angeles-Long Beach-Anaheim, CA",06,California,037,Los Angeles,34.14435,-117.85036
7/10/2010,AQS,060370016,3,26.00,ug/m3 LC,80.00,Glendora,1,100,88502,Acceptable PM2.5 AQI & Speciation Mass,31080,"Los Angeles-Long Beach-Anaheim, CA",06,California,037,Los Angeles,34.14435,-117.85036
7/11/2010,AQS,060370016,3,25.30,ug/m3 LC,79.00,Glendora,1,100,88502,Acceptable PM2.5 AQI & Speciation Mass,31080,"Los Angeles-Long Beach-Anaheim, CA",06,California,037,Los Angeles,34.14435,-117.85036
7/12/2010,AQS,060370016,3,22.20,ug/m3 LC,72.00,Glendora,1,100,88502,Acceptable PM2.5 AQI & Speciation Mass,31080,"Los Angeles-Long Beach-Anaheim, CA",06,California,037,Los Angeles,34.14435,-117.85036
7/13/2010,AQS,060370016,3,16.30,ug/m3 LC,60.00,Glendora,1,100,88502,Acceptable PM2.5 AQI & Speciation Mass,31080,"Los Angeles-Long Beach-Anaheim, CA",06,California,037,Los Angeles,34.14435,-117.85036
7/14/2010,AQS,060370016,3,18.70,ug/m3 LC,65.00,Glendora,1,100,88502,Acceptable PM2.5 AQI & Speciation Mass,31080,"Los Angeles-Long Beach-Anaheim, CA",06,California,037,Los Angeles,34.14435,-117.85036
7/15/2010,AQS,060370016,3,22.50,ug/m3 LC,73.00,Glendora,1,100,88502,Acceptable PM2.5 AQI & Speciation Mass,31080,"Los Angeles-Long Beach-Anaheim, CA",06,California,037,Los Angeles,34.14435,-117.85036
7/16/2010,AQS,060370016,3,22.70,ug/m3 LC,73.00,Glendora,1,100,88502,Acceptable PM2.5 AQI & Speciation Mass,31080,"Los Angeles-Long Beach-Anaheim, CA",06,California,037,Los Angeles,34.14435,-117.85036
7/17/2010,AQS,060370016,3,21.00,ug/m3 LC,70.00,Glendora,1,100,88502,Acceptable PM2.5 AQI & Speciation Mass,31080,"Los Angeles-Long Beach-Anaheim, CA",06,California,037,Los Angeles,34.14435,-117.85036
7/18/2010,AQS,060370016,3,19.80,ug/m3 LC,67.00,Glendora,1,100,88502,Acceptable PM2.5 AQI & Speciation Mass,31080,"Los Angeles-Long Beach-Anaheim, CA",06,California,037,Los Angeles,34.14435,-117.85036
7/19/2010,AQS,060370016,3,20.40,ug/m3 LC,68.00,Glendora,1,100,88502,Acceptable PM2.5 AQI & Speciation Mass,31080,"Los Angeles-Long Beach-Anaheim, CA",06,California,037,Los Angeles,34.14435,-117.85036
7/20/2010,AQS,060370016,3,19.20,ug/m3 LC,66.00,Glendora,1,100,88502,Acceptable PM2.5 AQI & Speciation Mass,31080,"Los Angeles-Long Beach-Anaheim, CA",06,California,037,Los Angeles,34.14435,-117.85036
7/21/2010,AQS,060370016,3,21.60,ug/m3 LC,71.00,Glendora,1,100,88502,Acceptable PM2.5 AQI & Speciation Mass,31080,"Los Angeles-Long Beach-Anaheim, CA",06,California,037,Los Angeles,34.14435,-117.85036
7/22/2010,AQS,060370016,3,19.90,ug/m3 LC,67.00,Glendora,1,100,88502,Acceptable PM2.5 AQI & Speciation Mass,31080,"Los Angeles-Long Beach-Anaheim, CA",06,California,037,Los Angeles,34.14435,-117.85036
7/23/2010,AQS,060370016,3,19.90,ug/m3 LC,67.00,Glendora,1,100,88502,Acceptable PM2.5 AQI & Speciation Mass,31080,"Los Angeles-Long Beach-Anaheim, CA",06,California,037,Los Angeles,34.14435,-117.85036
7/24/2010,AQS,060370016,3,18.60,ug/m3 LC,65.00,Glendora,1,100,88502,Acceptable PM2.5 AQI & Speciation Mass,31080,"Los Angeles-Long Beach-Anaheim, CA",06,California,037,Los Angeles,34.14435,-117.85036
7/25/2010,AQS,060370016,3,19.00,ug/m3 LC,66.00,Glendora,1,100,88502,Acceptable PM2.5 AQI & Speciation Mass,31080,"Los Angeles-Long Beach-Anaheim, CA",06,California,037,Los Angeles,34.14435,-117.85036
7/26/2010,AQS,060370016,3,22.40,ug/m3 LC,73.00,Glendora,1,100,88502,Acceptable PM2.5 AQI & Speciation Mass,31080,"Los Angeles-Long Beach-Anaheim, CA",06,California,037,Los Angeles,34.14435,-117.85036
7/27/2010,AQS,060370016,3,24.10,ug/m3 LC,76.00,Glendora,1,100,88502,Acceptable PM2.5 AQI & Speciation Mass,31080,"Los Angeles-Long Beach-Anaheim, CA",06,California,037,Los Angeles,34.14435,-117.85036
7/28/2010,AQS,060370016,3,15.00,ug/m3 LC,57.00,Glendora,1,100,88502,Acceptable PM2.5 AQI & Speciation Mass,31080,"Los Angeles-Long Beach-Anaheim, CA",06,California,037,Los Angeles,34.14435,-117.85036
7/29/2010,AQS,060370016,3,15.30,ug/m3 LC,58.00,Glendora,1,100,88502,Acceptable PM2.5 AQI & Speciation Mass,31080,"Los Angeles-Long Beach-Anaheim, CA",06,California,037,Los Angeles,34.14435,-117.85036
7/30/2010,AQS,060370016,3,20.50,ug/m3 LC,69.00,Glendora,1,100,88502,Acceptable PM2.5 AQI & Speciation Mass,31080,"Los Angeles-Long Beach-Anaheim, CA",06,California,037,Los Angeles,34.14435,-117.85036
7/31/2010,AQS,060370016,3,21.30,ug/m3 LC,70.00,Glendora,1,100,88502,Acceptable PM2.5 AQI & Speciation Mass,31080,"Los Angeles-Long Beach-Anaheim, CA",06,California,037,Los Angeles,34.14435,-117.85036
8/1/2010,AQS,060370016,3,25.10,ug/m3 LC,78.00,Glendora,1,100,88502,Acceptable PM2.5 AQI & Speciation Mass,31080,"Los Angeles-Long Beach-Anaheim, CA",06,California,037,Los Angeles,34.14435,-117.85036
8/2/2010,AQS,060370016,3,19.70,ug/m3 LC,67.00,Glendora,1,100,88502,Acceptable PM2.5 AQI & Speciation Mass,31080,"Los Angeles-Long Beach-Anaheim, CA",06,California,037,Los Angeles,34.14435,-117.85036
8/3/2010,AQS,060370016,3,18.90,ug/m3 LC,65.00,Glendora,1,100,88502,Acceptable PM2.5 AQI & Speciation Mass,31080,"Los Angeles-Long Beach-Anaheim, CA",06,California,037,Los Angeles,34.14435,-117.85036
8/4/2010,AQS,060370016,3,23.60,ug/m3 LC,75.00,Glendora,1,100,88502,Acceptable PM2.5 AQI & Speciation Mass,31080,"Los Angeles-Long Beach-Anaheim, CA",06,California,037,Los Angeles,34.14435,-117.85036
8/5/2010,AQS,060370016,3,26.70,ug/m3 LC,82.00,Glendora,1,100,88502,Acceptable PM2.5 AQI & Speciation Mass,31080,"Los Angeles-Long Beach-Anaheim, CA",06,California,037,Los Angeles,34.14435,-117.85036
8/6/2010,AQS,060370016,3,27.20,ug/m3 LC,83.00,Glendora,1,100,88502,Acceptable PM2.5 AQI & Speciation Mass,31080,"Los Angeles-Long Beach-Anaheim, CA",06,California,037,Los Angeles,34.14435,-117.85036
8/7/2010,AQS,060370016,3,23.70,ug/m3 LC,75.00,Glendora,1,100,88502,Acceptable PM2.5 AQI & Speciation Mass,31080,"Los Angeles-Long Beach-Anaheim, CA",06,California,037,Los Angeles,34.14435,-117.85036
8/8/2010,AQS,060370016,3,17.20,ug/m3 LC,62.00,Glendora,1,100,88502,Acceptable PM2.5 AQI & Speciation Mass,31080,"Los Angeles-Long Beach-Anaheim, CA",06,California,037,Los Angeles,34.14435,-117.85036
8/9/2010,AQS,060370016,3,19.50,ug/m3 LC,67.00,Glendora,1,100,88502,Acceptable PM2.5 AQI & Speciation Mass,31080,"Los Angeles-Long Beach-Anaheim, CA",06,California,037,Los Angeles,34.14435,-117.85036
8/10/2010,AQS,060370016,3,23.60,ug/m3 LC,75.00,Glendora,1,100,88502,Acceptable PM2.5 AQI & Speciation Mass,31080,"Los Angeles-Long Beach-Anaheim, CA",06,California,037,Los Angeles,34.14435,-117.85036
8/11/2010,AQS,060370016,3,22.80,ug/m3 LC,74.00,Glendora,1,100,88502,Acceptable PM2.5 AQI & Speciation Mass,31080,"Los Angeles-Long Beach-Anaheim, CA",06,California,037,Los Angeles,34.14435,-117.85036
8/12/2010,AQS,060370016,3,14.40,ug/m3 LC,56.00,Glendora,1,100,88502,Acceptable PM2.5 AQI & Speciation Mass,31080,"Los Angeles-Long Beach-Anaheim, CA",06,California,037,Los Angeles,34.14435,-117.85036
8/13/2010,AQS,060370016,3,13.80,ug/m3 LC,55.00,Glendora,1,100,88502,Acceptable PM2.5 AQI & Speciation Mass,31080,"Los Angeles-Long Beach-Anaheim, CA",06,California,037,Los Angeles,34.14435,-117.85036
8/14/2010,AQS,060370016,3,9.80,ug/m3 LC,41.00,Glendora,1,100,88502,Acceptable PM2.5 AQI & Speciation Mass,31080,"Los Angeles-Long Beach-Anaheim, CA",06,California,037,Los Angeles,34.14435,-117.85036
8/15/2010,AQS,060370016,3,12.50,ug/m3 LC,52.00,Glendora,1,100,88502,Acceptable PM2.5 AQI & Speciation Mass,31080,"Los Angeles-Long Beach-Anaheim, CA",06,California,037,Los Angeles,34.14435,-117.85036
8/16/2010,AQS,060370016,3,15.00,ug/m3 LC,57.00,Glendora,1,100,88502,Acceptable PM2.5 AQI & Speciation Mass,31080,"Los Angeles-Long Beach-Anaheim, CA",06,California,037,Los Angeles,34.14435,-117.85036
8/17/2010,AQS,060370016,3,12.40,ug/m3 LC,52.00,Glendora,1,100,88502,Acceptable PM2.5 AQI & Speciation Mass,31080,"Los Angeles-Long Beach-Anaheim, CA",06,California,037,Los Angeles,34.14435,-117.85036
8/18/2010,AQS,060370016,3,11.50,ug/m3 LC,48.00,Glendora,1,100,88502,Acceptable PM2.5 AQI & Speciation Mass,31080,"Los Angeles-Long Beach-Anaheim, CA",06,California,037,Los Angeles,34.14435,-117.85036
8/19/2010,AQS,060370016,3,8.50,ug/m3 LC,35.00,Glendora,1,100,88502,Acceptable PM2.5 AQI & Speciation Mass,31080,"Los Angeles-Long Beach-Anaheim, CA",06,California,037,Los Angeles,34.14435,-117.85036
8/20/2010,AQS,060370016,3,10.90,ug/m3 LC,45.00,Glendora,1,100,88502,Acceptable PM2.5 AQI & Speciation Mass,31080,"Los Angeles-Long Beach-Anaheim, CA",06,California,037,Los Angeles,34.14435,-117.85036
8/21/2010,AQS,060370016,3,11.90,ug/m3 LC,50.00,Glendora,1,100,88502,Acceptable PM2.5 AQI & Speciation Mass,31080,"Los Angeles-Long Beach-Anaheim, CA",06,California,037,Los Angeles,34.14435,-117.85036
8/22/2010,AQS,060370016,3,9.70,ug/m3 LC,40.00,Glendora,1,100,88502,Acceptable PM2.5 AQI & Speciation Mass,31080,"Los Angeles-Long Beach-Anaheim, CA",06,California,037,Los Angeles,34.14435,-117.85036
8/23/2010,AQS,060370016,3,9.60,ug/m3 LC,40.00,Glendora,1,100,88502,Acceptable PM2.5 AQI & Speciation Mass,31080,"Los Angeles-Long Beach-Anaheim, CA",06,California,037,Los Angeles,34.14435,-117.85036
8/24/2010,AQS,060370016,3,14.70,ug/m3 LC,56.00,Glendora,1,100,88502,Acceptable PM2.5 AQI & Speciation Mass,31080,"Los Angeles-Long Beach-Anaheim, CA",06,California,037,Los Angeles,34.14435,-117.85036
8/25/2010,AQS,060370016,3,16.70,ug/m3 LC,61.00,Glendora,1,100,88502,Acceptable PM2.5 AQI & Speciation Mass,31080,"Los Angeles-Long Beach-Anaheim, CA",06,California,037,Los Angeles,34.14435,-117.85036
8/26/2010,AQS,060370016,3,16.20,ug/m3 LC,60.00,Glendora,1,100,88502,Acceptable PM2.5 AQI & Speciation Mass,31080,"Los Angeles-Long Beach-Anaheim, CA",06,California,037,Los Angeles,34.14435,-117.85036
8/27/2010,AQS,060370016,3,16.00,ug/m3 LC,59.00,Glendora,1,100,88502,Acceptable PM2.5 AQI & Speciation Mass,31080,"Los Angeles-Long Beach-Anaheim, CA",06,California,037,Los Angeles,34.14435,-117.85036
8/28/2010,AQS,060370016,3,16.00,ug/m3 LC,59.00,Glendora,1,100,88502,Acceptable PM2.5 AQI & Speciation Mass,31080,"Los Angeles-Long Beach-Anaheim, CA",06,California,037,Los Angeles,34.14435,-117.85036
8/29/2010,AQS,060370016,3,14.60,ug/m3 LC,56.00,Glendora,1,100,88502,Acceptable PM2.5 AQI & Speciation Mass,31080,"Los Angeles-Long Beach-Anaheim, CA",06,California,037,Los Angeles,34.14435,-117.85036
8/30/2010,AQS,060370016,3,13.50,ug/m3 LC,54.00,Glendora,1,100,88502,Acceptable PM2.5 AQI & Speciation Mass,31080,"Los Angeles-Long Beach-Anaheim, CA",06,California,037,Los Angeles,34.14435,-117.85036
8/31/2010,AQS,060370016,3,14.80,ug/m3 LC,57.00,Glendora,1,100,88502,Acceptable PM2.5 AQI & Speciation Mass,31080,"Los Angeles-Long Beach-Anaheim, CA",06,California,037,Los Angeles,34.14435,-117.85036
9/1/2010,AQS,060370016,3,15.50,ug/m3 LC,58.00,Glendora,1,100,88502,Acceptable PM2.5 AQI & Speciation Mass,31080,"Los Angeles-Long Beach-Anaheim, CA",06,California,037,Los Angeles,34.14435,-117.85036
9/2/2010,AQS,060370016,3,16.00,ug/m3 LC,59.00,Glendora,1,100,88502,Acceptable PM2.5 AQI & Speciation Mass,31080,"Los Angeles-Long Beach-Anaheim, CA",06,California,037,Los Angeles,34.14435,-117.85036
9/3/2010,AQS,060370016,3,13.40,ug/m3 LC,54.00,Glendora,1,100,88502,Acceptable PM2.5 AQI & Speciation Mass,31080,"Los Angeles-Long Beach-Anaheim, CA",06,California,037,Los Angeles,34.14435,-117.85036
9/4/2010,AQS,060370016,3,13.30,ug/m3 LC,54.00,Glendora,1,100,88502,Acceptable PM2.5 AQI & Speciation Mass,31080,"Los Angeles-Long Beach-Anaheim, CA",06,California,037,Los Angeles,34.14435,-117.85036
9/5/2010,AQS,060370016,3,16.50,ug/m3 LC,60.00,Glendora,1,100,88502,Acceptable PM2.5 AQI & Speciation Mass,31080,"Los Angeles-Long Beach-Anaheim, CA",06,California,037,Los Angeles,34.14435,-117.85036
9/6/2010,AQS,060370016,3,21.70,ug/m3 LC,71.00,Glendora,1,100,88502,Acceptable PM2.5 AQI & Speciation Mass,31080,"Los Angeles-Long Beach-Anaheim, CA",06,California,037,Los Angeles,34.14435,-117.85036
9/7/2010,AQS,060370016,3,14.50,ug/m3 LC,56.00,Glendora,1,100,88502,Acceptable PM2.5 AQI & Speciation Mass,31080,"Los Angeles-Long Beach-Anaheim, CA",06,California,037,Los Angeles,34.14435,-117.85036
9/8/2010,AQS,060370016,3,10.00,ug/m3 LC,42.00,Glendora,1,100,88502,Acceptable PM2.5 AQI & Speciation Mass,31080,"Los Angeles-Long Beach-Anaheim, CA",06,California,037,Los Angeles,34.14435,-117.85036
9/9/2010,AQS,060370016,3,10.60,ug/m3 LC,44.00,Glendora,1,100,88502,Acceptable PM2.5 AQI & Speciation Mass,31080,"Los Angeles-Long Beach-Anaheim, CA",06,California,037,Los Angeles,34.14435,-117.85036
9/10/2010,AQS,060370016,3,10.30,ug/m3 LC,43.00,Glendora,1,100,88502,Acceptable PM2.5 AQI & Speciation Mass,31080,"Los Angeles-Long Beach-Anaheim, CA",06,California,037,Los Angeles,34.14435,-117.85036
9/11/2010,AQS,060370016,3,16.80,ug/m3 LC,61.00,Glendora,1,100,88502,Acceptable PM2.5 AQI & Speciation Mass,31080,"Los Angeles-Long Beach-Anaheim, CA",06,California,037,Los Angeles,34.14435,-117.85036
9/12/2010,AQS,060370016,3,20.60,ug/m3 LC,69.00,Glendora,1,100,88502,Acceptable PM2.5 AQI & Speciation Mass,31080,"Los Angeles-Long Beach-Anaheim, CA",06,California,037,Los Angeles,34.14435,-117.85036
9/13/2010,AQS,060370016,3,11.10,ug/m3 LC,46.00,Glendora,1,100,88502,Acceptable PM2.5 AQI & Speciation Mass,31080,"Los Angeles-Long Beach-Anaheim, CA",06,California,037,Los Angeles,34.14435,-117.85036
9/14/2010,AQS,060370016,3,9.00,ug/m3 LC,38.00,Glendora,1,100,88502,Acceptable PM2.5 AQI & Speciation Mass,31080,"Los Angeles-Long Beach-Anaheim, CA",06,California,037,Los Angeles,34.14435,-117.85036
9/15/2010,AQS,060370016,3,10.80,ug/m3 LC,45.00,Glendora,1,100,88502,Acceptable PM2.5 AQI & Speciation Mass,31080,"Los Angeles-Long Beach-Anaheim, CA",06,California,037,Los Angeles,34.14435,-117.85036
9/16/2010,AQS,060370016,3,10.30,ug/m3 LC,43.00,Glendora,1,100,88502,Acceptable PM2.5 AQI & Speciation Mass,31080,"Los Angeles-Long Beach-Anaheim, CA",06,California,037,Los Angeles,34.14435,-117.85036
9/17/2010,AQS,060370016,3,17.10,ug/m3 LC,62.00,Glendora,1,100,88502,Acceptable PM2.5 AQI & Speciation Mass,31080,"Los Angeles-Long Beach-Anaheim, CA",06,California,037,Los Angeles,34.14435,-117.85036
9/18/2010,AQS,060370016,3,23.10,ug/m3 LC,74.00,Glendora,1,100,88502,Acceptable PM2.5 AQI & Speciation Mass,31080,"Los Angeles-Long Beach-Anaheim, CA",06,California,037,Los Angeles,34.14435,-117.85036
9/19/2010,AQS,060370016,3,15.60,ug/m3 LC,58.00,Glendora,1,100,88502,Acceptable PM2.5 AQI & Speciation Mass,31080,"Los Angeles-Long Beach-Anaheim, CA",06,California,037,Los Angeles,34.14435,-117.85036
9/20/2010,AQS,060370016,3,13.50,ug/m3 LC,54.00,Glendora,1,100,88502,Acceptable PM2.5 AQI & Speciation Mass,31080,"Los Angeles-Long Beach-Anaheim, CA",06,California,037,Los Angeles,34.14435,-117.85036
9/21/2010,AQS,060370016,3,23.10,ug/m3 LC,74.00,Glendora,1,100,88502,Acceptable PM2.5 AQI & Speciation Mass,31080,"Los Angeles-Long Beach-Anaheim, CA",06,California,037,Los Angeles,34.14435,-117.85036
9/22/2010,AQS,060370016,3,14.40,ug/m3 LC,56.00,Glendora,1,100,88502,Acceptable PM2.5 AQI & Speciation Mass,31080,"Los Angeles-Long Beach-Anaheim, CA",06,California,037,Los Angeles,34.14435,-117.85036
9/23/2010,AQS,060370016,3,17.30,ug/m3 LC,62.00,Glendora,1,100,88502,Acceptable PM2.5 AQI & Speciation Mass,31080,"Los Angeles-Long Beach-Anaheim, CA",06,California,037,Los Angeles,34.14435,-117.85036
9/24/2010,AQS,060370016,3,9.00,ug/m3 LC,38.00,Glendora,1,100,88502,Acceptable PM2.5 AQI & Speciation Mass,31080,"Los Angeles-Long Beach-Anaheim, CA",06,California,037,Los Angeles,34.14435,-117.85036
9/25/2010,AQS,060370016,3,7.80,ug/m3 LC,33.00,Glendora,1,100,88502,Acceptable PM2.5 AQI & Speciation Mass,31080,"Los Angeles-Long Beach-Anaheim, CA",06,California,037,Los Angeles,34.14435,-117.85036
9/26/2010,AQS,060370016,3,6.60,ug/m3 LC,28.00,Glendora,1,100,88502,Acceptable PM2.5 AQI & Speciation Mass,31080,"Los Angeles-Long Beach-Anaheim, CA",06,California,037,Los Angeles,34.14435,-117.85036
9/27/2010,AQS,060370016,3,5.20,ug/m3 LC,22.00,Glendora,1,100,88502,Acceptable PM2.5 AQI & Speciation Mass,31080,"Los Angeles-Long Beach-Anaheim, CA",06,California,037,Los Angeles,34.14435,-117.85036
9/28/2010,AQS,060370016,3,12.00,ug/m3 LC,50.00,Glendora,1,100,88502,Acceptable PM2.5 AQI & Speciation Mass,31080,"Los Angeles-Long Beach-Anaheim, CA",06,California,037,Los Angeles,34.14435,-117.85036
9/29/2010,AQS,060370016,3,13.80,ug/m3 LC,55.00,Glendora,1,100,88502,Acceptable PM2.5 AQI & Speciation Mass,31080,"Los Angeles-Long Beach-Anaheim, CA",06,California,037,Los Angeles,34.14435,-117.85036
9/30/2010,AQS,060370016,3,10.60,ug/m3 LC,44.00,Glendora,1,100,88502,Acceptable PM2.5 AQI & Speciation Mass,31080,"Los Angeles-Long Beach-Anaheim, CA",06,California,037,Los Angeles,34.14435,-117.85036
10/1/2010,AQS,060370016,3,14.30,ug/m3 LC,56.00,Glendora,1,100,88502,Acceptable PM2.5 AQI & Speciation Mass,31080,"Los Angeles-Long Beach-Anaheim, CA",06,California,037,Los Angeles,34.14435,-117.85036
10/2/2010,AQS,060370016,3,19.10,ug/m3 LC,66.00,Glendora,1,100,88502,Acceptable PM2.5 AQI & Speciation Mass,31080,"Los Angeles-Long Beach-Anaheim, CA",06,California,037,Los Angeles,34.14435,-117.85036
10/3/2010,AQS,060370016,3,21.70,ug/m3 LC,71.00,Glendora,1,100,88502,Acceptable PM2.5 AQI & Speciation Mass,31080,"Los Angeles-Long Beach-Anaheim, CA",06,California,037,Los Angeles,34.14435,-117.85036
10/4/2010,AQS,060370016,3,12.40,ug/m3 LC,52.00,Glendora,1,100,88502,Acceptable PM2.5 AQI & Speciation Mass,31080,"Los Angeles-Long Beach-Anaheim, CA",06,California,037,Los Angeles,34.14435,-117.85036
10/5/2010,AQS,060370016,3,7.60,ug/m3 LC,32.00,Glendora,1,100,88502,Acceptable PM2.5 AQI & Speciation Mass,31080,"Los Angeles-Long Beach-Anaheim, CA",06,California,037,Los Angeles,34.14435,-117.85036
10/6/2010,AQS,060370016,3,6.00,ug/m3 LC,25.00,Glendora,1,100,88502,Acceptable PM2.5 AQI & Speciation Mass,31080,"Los Angeles-Long Beach-Anaheim, CA",06,California,037,Los Angeles,34.14435,-117.85036
10/7/2010,AQS,060370016,3,11.70,ug/m3 LC,49.00,Glendora,1,100,88502,Acceptable PM2.5 AQI & Speciation Mass,31080,"Los Angeles-Long Beach-Anaheim, CA",06,California,037,Los Angeles,34.14435,-117.85036
10/8/2010,AQS,060370016,3,11.80,ug/m3 LC,49.00,Glendora,1,100,88502,Acceptable PM2.5 AQI & Speciation Mass,31080,"Los Angeles-Long Beach-Anaheim, CA",06,California,037,Los Angeles,34.14435,-117.85036
10/9/2010,AQS,060370016,3,9.40,ug/m3 LC,39.00,Glendora,1,100,88502,Acceptable PM2.5 AQI & Speciation Mass,31080,"Los Angeles-Long Beach-Anaheim, CA",06,California,037,Los Angeles,34.14435,-117.85036
10/10/2010,AQS,060370016,3,7.30,ug/m3 LC,30.00,Glendora,1,100,88502,Acceptable PM2.5 AQI & Speciation Mass,31080,"Los Angeles-Long Beach-Anaheim, CA",06,California,037,Los Angeles,34.14435,-117.85036
10/11/2010,AQS,060370016,3,13.90,ug/m3 LC,55.00,Glendora,1,100,88502,Acceptable PM2.5 AQI & Speciation Mass,31080,"Los Angeles-Long Beach-Anaheim, CA",06,California,037,Los Angeles,34.14435,-117.85036
10/12/2010,AQS,060370016,3,26.50,ug/m3 LC,81.00,Glendora,1,100,88502,Acceptable PM2.5 AQI & Speciation Mass,31080,"Los Angeles-Long Beach-Anaheim, CA",06,California,037,Los Angeles,34.14435,-117.85036
10/13/2010,AQS,060370016,3,17.80,ug/m3 LC,63.00,Glendora,1,100,88502,Acceptable PM2.5 AQI & Speciation Mass,31080,"Los Angeles-Long Beach-Anaheim, CA",06,California,037,Los Angeles,34.14435,-117.85036
10/14/2010,AQS,060370016,3,34.30,ug/m3 LC,98.00,Glendora,1,100,88502,Acceptable PM2.5 AQI & Speciation Mass,31080,"Los Angeles-Long Beach-Anaheim, CA",06,California,037,Los Angeles,34.14435,-117.85036
10/15/2010,AQS,060370016,3,39.40,ug/m3 LC,111.00,Glendora,1,100,88502,Acceptable PM2.5 AQI & Speciation Mass,31080,"Los Angeles-Long Beach-Anaheim, CA",06,California,037,Los Angeles,34.14435,-117.85036
10/16/2010,AQS,060370016,3,32.40,ug/m3 LC,94.00,Glendora,1,100,88502,Acceptable PM2.5 AQI & Speciation Mass,31080,"Los Angeles-Long Beach-Anaheim, CA",06,California,037,Los Angeles,34.14435,-117.85036
10/17/2010,AQS,060370016,3,7.70,ug/m3 LC,32.00,Glendora,1,100,88502,Acceptable PM2.5 AQI & Speciation Mass,31080,"Los Angeles-Long Beach-Anaheim, CA",06,California,037,Los Angeles,34.14435,-117.85036
10/18/2010,AQS,060370016,3,7.80,ug/m3 LC,33.00,Glendora,1,100,88502,Acceptable PM2.5 AQI & Speciation Mass,31080,"Los Angeles-Long Beach-Anaheim, CA",06,California,037,Los Angeles,34.14435,-117.85036
10/19/2010,AQS,060370016,3,19.20,ug/m3 LC,66.00,Glendora,1,100,88502,Acceptable PM2.5 AQI & Speciation Mass,31080,"Los Angeles-Long Beach-Anaheim, CA",06,California,037,Los Angeles,34.14435,-117.85036
10/20/2010,AQS,060370016,3,4.90,ug/m3 LC,20.00,Glendora,1,100,88502,Acceptable PM2.5 AQI & Speciation Mass,31080,"Los Angeles-Long Beach-Anaheim, CA",06,California,037,Los Angeles,34.14435,-117.85036
10/21/2010,AQS,060370016,3,8.20,ug/m3 LC,34.00,Glendora,1,100,88502,Acceptable PM2.5 AQI & Speciation Mass,31080,"Los Angeles-Long Beach-Anaheim, CA",06,California,037,Los Angeles,34.14435,-117.85036
10/22/2010,AQS,060370016,3,12.90,ug/m3 LC,53.00,Glendora,1,100,88502,Acceptable PM2.5 AQI & Speciation Mass,31080,"Los Angeles-Long Beach-Anaheim, CA",06,California,037,Los Angeles,34.14435,-117.85036
10/23/2010,AQS,060370016,3,9.20,ug/m3 LC,38.00,Glendora,1,100,88502,Acceptable PM2.5 AQI & Speciation Mass,31080,"Los Angeles-Long Beach-Anaheim, CA",06,California,037,Los Angeles,34.14435,-117.85036
10/24/2010,AQS,060370016,3,9.40,ug/m3 LC,39.00,Glendora,1,100,88502,Acceptable PM2.5 AQI & Speciation Mass,31080,"Los Angeles-Long Beach-Anaheim, CA",06,California,037,Los Angeles,34.14435,-117.85036
10/25/2010,AQS,060370016,3,3.90,ug/m3 LC,16.00,Glendora,1,100,88502,Acceptable PM2.5 AQI & Speciation Mass,31080,"Los Angeles-Long Beach-Anaheim, CA",06,California,037,Los Angeles,34.14435,-117.85036
10/26/2010,AQS,060370016,3,7.50,ug/m3 LC,31.00,Glendora,1,100,88502,Acceptable PM2.5 AQI & Speciation Mass,31080,"Los Angeles-Long Beach-Anaheim, CA",06,California,037,Los Angeles,34.14435,-117.85036
10/27/2010,AQS,060370016,3,6.83,ug/m3 LC,28.25,Glendora,1,100,88502,Acceptable PM2.5 AQI & Speciation Mass,31080,"Los Angeles-Long Beach-Anaheim, CA",06,California,037,Los Angeles,34.14435,-117.85036
10/28/2010,AQS,060370016,3,6.15,ug/m3 LC,25.50,Glendora,1,100,88502,Acceptable PM2.5 AQI & Speciation Mass,31080,"Los Angeles-Long Beach-Anaheim, CA",06,California,037,Los Angeles,34.14435,-117.85036
10/29/2010,AQS,060370016,3,5.48,ug/m3 LC,22.75,Glendora,1,100,88502,Acceptable PM2.5 AQI & Speciation Mass,31080,"Los Angeles-Long Beach-Anaheim, CA",06,California,037,Los Angeles,34.14435,-117.85036
10/30/2010,AQS,060370016,3,4.80,ug/m3 LC,20.00,Glendora,1,100,88502,Acceptable PM2.5 AQI & Speciation Mass,31080,"Los Angeles-Long Beach-Anaheim, CA",06,California,037,Los Angeles,34.14435,-117.85036
10/31/2010,AQS,060370016,3,9.70,ug/m3 LC,40.00,Glendora,1,100,88502,Acceptable PM2.5 AQI & Speciation Mass,31080,"Los Angeles-Long Beach-Anaheim, CA",06,California,037,Los Angeles,34.14435,-117.85036
11/1/2010,AQS,060370016,3,3.90,ug/m3 LC,16.00,Glendora,1,100,88502,Acceptable PM2.5 AQI & Speciation Mass,31080,"Los Angeles-Long Beach-Anaheim, CA",06,California,037,Los Angeles,34.14435,-117.85036
11/2/2010,AQS,060370016,3,1.50,ug/m3 LC,6.00,Glendora,1,100,88502,Acceptable PM2.5 AQI & Speciation Mass,31080,"Los Angeles-Long Beach-Anaheim, CA",06,California,037,Los Angeles,34.14435,-117.85036
11/3/2010,AQS,060370016,3,2.80,ug/m3 LC,12.00,Glendora,1,100,88502,Acceptable PM2.5 AQI & Speciation Mass,31080,"Los Angeles-Long Beach-Anaheim, CA",06,California,037,Los Angeles,34.14435,-117.85036
11/4/2010,AQS,060370016,3,3.00,ug/m3 LC,13.00,Glendora,1,100,88502,Acceptable PM2.5 AQI & Speciation Mass,31080,"Los Angeles-Long Beach-Anaheim, CA",06,California,037,Los Angeles,34.14435,-117.85036
11/5/2010,AQS,060370016,3,2.70,ug/m3 LC,11.00,Glendora,1,100,88502,Acceptable PM2.5 AQI & Speciation Mass,31080,"Los Angeles-Long Beach-Anaheim, CA",06,California,037,Los Angeles,34.14435,-117.85036
11/6/2010,AQS,060370016,3,6.00,ug/m3 LC,25.00,Glendora,1,100,88502,Acceptable PM2.5 AQI & Speciation Mass,31080,"Los Angeles-Long Beach-Anaheim, CA",06,California,037,Los Angeles,34.14435,-117.85036
11/7/2010,AQS,060370016,3,8.20,ug/m3 LC,34.00,Glendora,1,100,88502,Acceptable PM2.5 AQI & Speciation Mass,31080,"Los Angeles-Long Beach-Anaheim, CA",06,California,037,Los Angeles,34.14435,-117.85036
11/8/2010,AQS,060370016,3,3.50,ug/m3 LC,15.00,Glendora,1,100,88502,Acceptable PM2.5 AQI & Speciation Mass,31080,"Los Angeles-Long Beach-Anaheim, CA",06,California,037,Los Angeles,34.14435,-117.85036
11/9/2010,AQS,060370016,3,5.40,ug/m3 LC,23.00,Glendora,1,100,88502,Acceptable PM2.5 AQI & Speciation Mass,31080,"Los Angeles-Long Beach-Anaheim, CA",06,California,037,Los Angeles,34.14435,-117.85036
11/10/2010,AQS,060370016,3,8.60,ug/m3 LC,36.00,Glendora,1,100,88502,Acceptable PM2.5 AQI & Speciation Mass,31080,"Los Angeles-Long Beach-Anaheim, CA",06,California,037,Los Angeles,34.14435,-117.85036
11/11/2010,AQS,060370016,3,3.00,ug/m3 LC,13.00,Glendora,1,100,88502,Acceptable PM2.5 AQI & Speciation Mass,31080,"Los Angeles-Long Beach-Anaheim, CA",06,California,037,Los Angeles,34.14435,-117.85036
11/12/2010,AQS,060370016,3,4.10,ug/m3 LC,17.00,Glendora,1,100,88502,Acceptable PM2.5 AQI & Speciation Mass,31080,"Los Angeles-Long Beach-Anaheim, CA",06,California,037,Los Angeles,34.14435,-117.85036
11/13/2010,AQS,060370016,3,4.10,ug/m3 LC,17.00,Glendora,1,100,88502,Acceptable PM2.5 AQI & Speciation Mass,31080,"Los Angeles-Long Beach-Anaheim, CA",06,California,037,Los Angeles,34.14435,-117.85036
11/14/2010,AQS,060370016,3,3.30,ug/m3 LC,14.00,Glendora,1,100,88502,Acceptable PM2.5 AQI & Speciation Mass,31080,"Los Angeles-Long Beach-Anaheim, CA",06,California,037,Los Angeles,34.14435,-117.85036
11/15/2010,AQS,060370016,3,6.00,ug/m3 LC,25.00,Glendora,1,100,88502,Acceptable PM2.5 AQI & Speciation Mass,31080,"Los Angeles-Long Beach-Anaheim, CA",06,California,037,Los Angeles,34.14435,-117.85036
11/16/2010,AQS,060370016,3,12.30,ug/m3 LC,51.00,Glendora,1,100,88502,Acceptable PM2.5 AQI & Speciation Mass,31080,"Los Angeles-Long Beach-Anaheim, CA",06,California,037,Los Angeles,34.14435,-117.85036
11/17/2010,AQS,060370016,3,14.10,ug/m3 LC,55.00,Glendora,1,100,88502,Acceptable PM2.5 AQI & Speciation Mass,31080,"Los Angeles-Long Beach-Anaheim, CA",06,California,037,Los Angeles,34.14435,-117.85036
11/18/2010,AQS,060370016,3,16.30,ug/m3 LC,60.00,Glendora,1,100,88502,Acceptable PM2.5 AQI & Speciation Mass,31080,"Los Angeles-Long Beach-Anaheim, CA",06,California,037,Los Angeles,34.14435,-117.85036
11/19/2010,AQS,060370016,3,27.90,ug/m3 LC,84.00,Glendora,1,100,88502,Acceptable PM2.5 AQI & Speciation Mass,31080,"Los Angeles-Long Beach-Anaheim, CA",06,California,037,Los Angeles,34.14435,-117.85036
11/20/2010,AQS,060370016,3,3.50,ug/m3 LC,15.00,Glendora,1,100,88502,Acceptable PM2.5 AQI & Speciation Mass,31080,"Los Angeles-Long Beach-Anaheim, CA",06,California,037,Los Angeles,34.14435,-117.85036
11/21/2010,AQS,060370016,3,3.50,ug/m3 LC,15.00,Glendora,1,100,88502,Acceptable PM2.5 AQI & Speciation Mass,31080,"Los Angeles-Long Beach-Anaheim, CA",06,California,037,Los Angeles,34.14435,-117.85036
11/22/2010,AQS,060370016,3,7.40,ug/m3 LC,31.00,Glendora,1,100,88502,Acceptable PM2.5 AQI & Speciation Mass,31080,"Los Angeles-Long Beach-Anaheim, CA",06,California,037,Los Angeles,34.14435,-117.85036
11/23/2010,AQS,060370016,3,9.00,ug/m3 LC,38.00,Glendora,1,100,88502,Acceptable PM2.5 AQI & Speciation Mass,31080,"Los Angeles-Long Beach-Anaheim, CA",06,California,037,Los Angeles,34.14435,-117.85036
11/24/2010,AQS,060370016,3,6.80,ug/m3 LC,28.00,Glendora,1,100,88502,Acceptable PM2.5 AQI & Speciation Mass,31080,"Los Angeles-Long Beach-Anaheim, CA",06,California,037,Los Angeles,34.14435,-117.85036
11/25/2010,AQS,060370016,3,9.00,ug/m3 LC,38.00,Glendora,1,100,88502,Acceptable PM2.5 AQI & Speciation Mass,31080,"Los Angeles-Long Beach-Anaheim, CA",06,California,037,Los Angeles,34.14435,-117.85036
11/26/2010,AQS,060370016,3,5.70,ug/m3 LC,24.00,Glendora,1,100,88502,Acceptable PM2.5 AQI & Speciation Mass,31080,"Los Angeles-Long Beach-Anaheim, CA",06,California,037,Los Angeles,34.14435,-117.85036
11/27/2010,AQS,060370016,3,9.70,ug/m3 LC,40.00,Glendora,1,100,88502,Acceptable PM2.5 AQI & Speciation Mass,31080,"Los Angeles-Long Beach-Anaheim, CA",06,California,037,Los Angeles,34.14435,-117.85036
11/28/2010,AQS,060370016,3,3.50,ug/m3 LC,15.00,Glendora,1,100,88502,Acceptable PM2.5 AQI & Speciation Mass,31080,"Los Angeles-Long Beach-Anaheim, CA",06,California,037,Los Angeles,34.14435,-117.85036
11/29/2010,AQS,060370016,3,6.20,ug/m3 LC,26.00,Glendora,1,100,88502,Acceptable PM2.5 AQI & Speciation Mass,31080,"Los Angeles-Long Beach-Anaheim, CA",06,California,037,Los Angeles,34.14435,-117.85036
11/30/2010,AQS,060370016,3,5.70,ug/m3 LC,24.00,Glendora,1,100,88502,Acceptable PM2.5 AQI & Speciation Mass,31080,"Los Angeles-Long Beach-Anaheim, CA",06,California,037,Los Angeles,34.14435,-117.85036
12/1/2010,AQS,060370016,3,4.20,ug/m3 LC,18.00,Glendora,1,100,88502,Acceptable PM2.5 AQI & Speciation Mass,31080,"Los Angeles-Long Beach-Anaheim, CA",06,California,037,Los Angeles,34.14435,-117.85036
12/2/2010,AQS,060370016,3,6.00,ug/m3 LC,25.00,Glendora,1,100,88502,Acceptable PM2.5 AQI & Speciation Mass,31080,"Los Angeles-Long Beach-Anaheim, CA",06,California,037,Los Angeles,34.14435,-117.85036
12/3/2010,AQS,060370016,3,11.00,ug/m3 LC,46.00,Glendora,1,100,88502,Acceptable PM2.5 AQI & Speciation Mass,31080,"Los Angeles-Long Beach-Anaheim, CA",06,California,037,Los Angeles,34.14435,-117.85036
12/4/2010,AQS,060370016,3,18.70,ug/m3 LC,65.00,Glendora,1,100,88502,Acceptable PM2.5 AQI & Speciation Mass,31080,"Los Angeles-Long Beach-Anaheim, CA",06,California,037,Los Angeles,34.14435,-117.85036
12/5/2010,AQS,060370016,3,8.30,ug/m3 LC,35.00,Glendora,1,100,88502,Acceptable PM2.5 AQI & Speciation Mass,31080,"Los Angeles-Long Beach-Anaheim, CA",06,California,037,Los Angeles,34.14435,-117.85036
12/6/2010,AQS,060370016,3,6.10,ug/m3 LC,25.00,Glendora,1,100,88502,Acceptable PM2.5 AQI & Speciation Mass,31080,"Los Angeles-Long Beach-Anaheim, CA",06,California,037,Los Angeles,34.14435,-117.85036
12/7/2010,AQS,060370016,3,2.10,ug/m3 LC,9.00,Glendora,1,100,88502,Acceptable PM2.5 AQI & Speciation Mass,31080,"Los Angeles-Long Beach-Anaheim, CA",06,California,037,Los Angeles,34.14435,-117.85036
12/8/2010,AQS,060370016,3,7.60,ug/m3 LC,32.00,Glendora,1,100,88502,Acceptable PM2.5 AQI & Speciation Mass,31080,"Los Angeles-Long Beach-Anaheim, CA",06,California,037,Los Angeles,34.14435,-117.85036
12/9/2010,AQS,060370016,3,21.20,ug/m3 LC,70.00,Glendora,1,100,88502,Acceptable PM2.5 AQI & Speciation Mass,31080,"Los Angeles-Long Beach-Anaheim, CA",06,California,037,Los Angeles,34.14435,-117.85036
12/10/2010,AQS,060370016,3,35.20,ug/m3 LC,100.00,Glendora,1,100,88502,Acceptable PM2.5 AQI & Speciation Mass,31080,"Los Angeles-Long Beach-Anaheim, CA",06,California,037,Los Angeles,34.14435,-117.85036
12/11/2010,AQS,060370016,3,12.50,ug/m3 LC,52.00,Glendora,1,100,88502,Acceptable PM2.5 AQI & Speciation Mass,31080,"Los Angeles-Long Beach-Anaheim, CA",06,California,037,Los Angeles,34.14435,-117.85036
12/12/2010,AQS,060370016,3,1.70,ug/m3 LC,7.00,Glendora,1,100,88502,Acceptable PM2.5 AQI & Speciation Mass,31080,"Los Angeles-Long Beach-Anaheim, CA",06,California,037,Los Angeles,34.14435,-117.85036
12/13/2010,AQS,060370016,3,2.90,ug/m3 LC,12.00,Glendora,1,100,88502,Acceptable PM2.5 AQI & Speciation Mass,31080,"Los Angeles-Long Beach-Anaheim, CA",06,California,037,Los Angeles,34.14435,-117.85036
12/14/2010,AQS,060370016,3,22.80,ug/m3 LC,74.00,Glendora,1,100,88502,Acceptable PM2.5 AQI & Speciation Mass,31080,"Los Angeles-Long Beach-Anaheim, CA",06,California,037,Los Angeles,34.14435,-117.85036
12/15/2010,AQS,060370016,3,19.10,ug/m3 LC,66.00,Glendora,1,100,88502,Acceptable PM2.5 AQI & Speciation Mass,31080,"Los Angeles-Long Beach-Anaheim, CA",06,California,037,Los Angeles,34.14435,-117.85036
12/16/2010,AQS,060370016,3,10.40,ug/m3 LC,43.00,Glendora,1,100,88502,Acceptable PM2.5 AQI & Speciation Mass,31080,"Los Angeles-Long Beach-Anaheim, CA",06,California,037,Los Angeles,34.14435,-117.85036
12/17/2010,AQS,060370016,3,6.80,ug/m3 LC,28.00,Glendora,1,100,88502,Acceptable PM2.5 AQI & Speciation Mass,31080,"Los Angeles-Long Beach-Anaheim, CA",06,California,037,Los Angeles,34.14435,-117.85036
12/18/2010,AQS,060370016,3,1.50,ug/m3 LC,6.00,Glendora,1,100,88502,Acceptable PM2.5 AQI & Speciation Mass,31080,"Los Angeles-Long Beach-Anaheim, CA",06,California,037,Los Angeles,34.14435,-117.85036
12/19/2010,AQS,060370016,3,2.50,ug/m3 LC,10.00,Glendora,1,100,88502,Acceptable PM2.5 AQI & Speciation Mass,31080,"Los Angeles-Long Beach-Anaheim, CA",06,California,037,Los Angeles,34.14435,-117.85036
12/20/2010,AQS,060370016,3,3.50,ug/m3 LC,15.00,Glendora,1,100,88502,Acceptable PM2.5 AQI & Speciation Mass,31080,"Los Angeles-Long Beach-Anaheim, CA",06,California,037,Los Angeles,34.14435,-117.85036
12/21/2010,AQS,060370016,3,4.70,ug/m3 LC,20.00,Glendora,1,100,88502,Acceptable PM2.5 AQI & Speciation Mass,31080,"Los Angeles-Long Beach-Anaheim, CA",06,California,037,Los Angeles,34.14435,-117.85036
12/22/2010,AQS,060370016,3,1.50,ug/m3 LC,6.00,Glendora,1,100,88502,Acceptable PM2.5 AQI & Speciation Mass,31080,"Los Angeles-Long Beach-Anaheim, CA",06,California,037,Los Angeles,34.14435,-117.85036
12/23/2010,AQS,060370016,3,5.70,ug/m3 LC,24.00,Glendora,1,100,88502,Acceptable PM2.5 AQI & Speciation Mass,31080,"Los Angeles-Long Beach-Anaheim, CA",06,California,037,Los Angeles,34.14435,-117.85036
12/24/2010,AQS,060370016,3,2.30,ug/m3 LC,10.00,Glendora,1,100,88502,Acceptable PM2.5 AQI & Speciation Mass,31080,"Los Angeles-Long Beach-Anaheim, CA",06,California,037,Los Angeles,34.14435,-117.85036
12/25/2010,AQS,060370016,3,11.10,ug/m3 LC,46.00,Glendora,1,100,88502,Acceptable PM2.5 AQI & Speciation Mass,31080,"Los Angeles-Long Beach-Anaheim, CA",06,California,037,Los Angeles,34.14435,-117.85036
12/26/2010,AQS,060370016,3,3.00,ug/m3 LC,13.00,Glendora,1,100,88502,Acceptable PM2.5 AQI & Speciation Mass,31080,"Los Angeles-Long Beach-Anaheim, CA",06,California,037,Los Angeles,34.14435,-117.85036
12/27/2010,AQS,060370016,3,4.50,ug/m3 LC,19.00,Glendora,1,100,88502,Acceptable PM2.5 AQI & Speciation Mass,31080,"Los Angeles-Long Beach-Anaheim, CA",06,California,037,Los Angeles,34.14435,-117.85036
12/28/2010,AQS,060370016,3,5.30,ug/m3 LC,22.00,Glendora,1,100,88502,Acceptable PM2.5 AQI & Speciation Mass,31080,"Los Angeles-Long Beach-Anaheim, CA",06,California,037,Los Angeles,34.14435,-117.85036
12/29/2010,AQS,060370016,3,6.10,ug/m3 LC,25.00,Glendora,1,100,88502,Acceptable PM2.5 AQI & Speciation Mass,31080,"Los Angeles-Long Beach-Anaheim, CA",06,California,037,Los Angeles,34.14435,-117.85036
12/30/2010,AQS,060370016,3,2.60,ug/m3 LC,11.00,Glendora,1,100,88502,Acceptable PM2.5 AQI & Speciation Mass,31080,"Los Angeles-Long Beach-Anaheim, CA",06,California,037,Los Angeles,34.14435,-117.85036
12/31/2010,AQS,060370016,3,4.20,ug/m3 LC,18.00,Glendora,1,100,88502,Acceptable PM2.5 AQI & Speciation Mass,31080,"Los Angeles-Long Beach-Anaheim, CA",06,California,037,Los Angeles,34.14435,-117.85036
